Marital status;Application mode;Application order;Course;Daytime/evening attendance;Previous qualification;Previous qualification (grade);Nacionality;Mother's qualification;Father's qualification;Mother's occupation;Father's occupation;Admission grade;Displaced;Educational special needs;Debtor;Tuition fees up to date;Gender;Scholarship holder;Age at enrollment;International;Unemployment rate;Inflation rate;GDP;Target
6;6;5;11;15;18;190.650169152228;19;1;11;10;17;107.9208252301781;1;12;0;10;15;11;36;5;12.977580811586495;4.125771971040013;9.157304060055441;Enrolled
19;17;3;5;3;4;182.8267352354022;4;6;19;9;19;127.05010220642026;7;15;19;12;15;2;22;17;10.470136976018923;-4.427797128015296;9.470447134983049;Graduate
14;1;5;7;1;5;171.65214546356418;3;14;17;16;7;151.01690942416474;0;15;14;7;10;14;44;6;12.424020725833799;13.39753455350482;1.6421402307559285;Graduate
10;16;3;18;12;2;108.45960552106315;3;10;2;13;7;153.2807554340225;0;1;17;6;1;4;44;1;-0.7192061646006849;3.6150068393152566;8.382413671335218;Dropout
7;10;1;9;0;0;103.23999338309847;3;1;10;3;7;104.39639668034557;3;17;11;12;16;7;43;18;6.913869916271365;-0.930097989193774;0.1735048055898858;Enrolled
6;11;3;0;16;19;97.43652244196215;3;6;17;18;7;140.33257324413688;6;0;0;0;14;13;29;8;-3.1282173585515483;6.113281462975721;9.54347452484306;Graduate
18;18;4;12;12;15;169.64321076502134;19;3;3;1;0;119.51104150934367;8;17;6;5;17;3;25;3;-0.9543846492124803;-0.6218767481736691;-4.67845708909556;Graduate
10;6;4;16;3;10;192.16887567566738;17;10;16;6;1;182.62266398714456;15;7;18;6;9;6;28;13;1.1980445467453693;-0.8795600063678428;-1.9678246602937444;Graduate
10;19;4;2;6;12;137.35894030043409;17;1;17;8;11;124.49326452704338;4;10;0;15;5;6;34;4;9.816251830200462;5.914626547812654;-0.09982676185127559;Graduate
3;5;0;7;16;9;103.1054739195653;15;15;4;18;14;182.25749769872453;1;14;6;14;15;17;24;6;-4.505712412230334;2.8208458437893817;10.458709739730129;Graduate
7;0;1;13;8;2;146.36321028053172;8;6;13;15;3;137.14210738619713;10;15;1;19;4;13;41;7;13.06234565744273;6.459865565064447;-3.6724749383118294;Graduate
2;16;5;2;3;8;128.37150982044932;17;12;9;15;2;169.92443424090987;17;16;6;1;11;7;34;14;-3.583929725741566;14.936508736224809;-1.238857125689381;Graduate
1;10;5;15;18;11;131.23074167849975;1;4;14;17;13;146.1066251398558;18;16;18;15;5;11;41;18;2.5298039068925426;12.180363087415365;2.172482110103882;Graduate
11;17;0;12;0;13;158.3463686571278;3;16;0;10;7;158.4158886544074;12;11;12;16;13;9;39;10;-3.3782074334283174;-4.846584014204225;-4.816500116941782;Graduate
5;16;3;19;9;0;169.05899245884225;11;11;15;6;12;133.48921619475215;10;9;4;14;15;13;41;19;10.379356862067475;-3.988885809252205;10.242419507488172;Graduate
1;6;0;16;3;17;102.16639587604769;6;18;10;8;18;174.502744458824;19;19;18;2;6;8;38;3;-2.1737005319448643;7.201588802624892;6.20210299344269;Enrolled
0;16;3;12;8;16;93.9149253887124;14;6;19;3;4;136.77083219310242;18;5;0;3;1;5;18;17;12.695138205249151;7.52512162264596;13.013587740400347;Dropout
11;19;3;5;12;8;199.37633329542865;6;5;5;12;12;140.3207811244404;16;7;0;11;5;4;24;13;5.604439731830521;12.563816881519866;-4.379379349101091;Dropout
11;8;2;16;13;8;115.6001183807107;16;7;15;3;19;146.94465350540528;4;12;17;4;8;0;26;5;13.969456389107922;7.581143490436515;0.427813675326405;Dropout
16;16;5;13;9;9;95.9213577399305;15;12;1;18;0;181.50065302245818;12;1;0;16;6;0;25;15;0.8072182561639067;-0.4457092296851535;9.625033148734044;Graduate
9;19;4;16;5;18;110.8862862005512;18;4;0;1;15;162.53168214616113;19;18;4;5;1;19;44;17;4.086323037567821;4.370324554073017;8.502988388979489;Dropout
15;7;3;7;15;14;94.28536309833106;8;1;8;8;1;128.40764252223246;0;9;8;9;18;16;40;0;8.884939246591559;11.17970801342377;-0.13885118790584183;Graduate
14;16;2;10;5;4;133.09919840788888;13;8;11;11;6;163.7351597379697;9;3;11;17;7;10;34;7;11.63826625141921;13.456499291967429;6.9137546993612435;Enrolled
14;6;5;19;16;14;178.26419628964567;16;10;16;1;5;160.6669230309435;7;11;8;9;10;11;24;0;3.4271417549121352;-0.26169762066581725;10.875153062155075;Dropout
18;0;4;0;9;19;127.53688947334928;4;5;14;5;4;192.4121203467675;7;17;17;5;3;2;35;0;12.848650766543283;5.792094700266517;-4.332385933307705;Enrolled
11;12;3;6;17;1;138.86017475662032;1;6;18;4;3;182.5558079627885;18;6;10;5;15;5;19;18;-2.640255833512095;-1.8214489965919456;9.352567937388297;Enrolled
19;18;3;16;17;12;164.31454509241826;19;6;9;4;1;161.2191616126373;5;19;0;19;17;10;25;9;9.173694376201908;4.939993978551385;0.041941302279511206;Graduate
2;18;0;9;2;15;145.97834770768682;15;18;11;19;9;127.5657821752448;11;3;18;14;12;12;29;17;1.9639796442732083;-3.197717585009978;13.957025770682648;Dropout
4;16;0;10;19;14;184.75902546234568;13;5;13;4;4;175.75340937473965;6;6;9;3;4;10;25;11;-2.9732903173480607;13.834561399009484;5.764404427222168;Enrolled
18;12;5;8;14;9;185.2639242550332;13;10;8;3;17;153.2729122369081;15;9;1;15;1;7;41;16;2.7332911360400765;7.76112916565231;-4.3322763473743775;Dropout
6;15;4;8;14;13;91.0901765040269;0;10;12;8;9;198.37969869109918;8;14;6;7;10;9;36;0;12.604312489711358;12.084334834273541;3.068612375651105;Enrolled
8;7;3;4;3;9;175.5850937131519;2;6;2;9;14;117.22567414267844;9;11;19;6;0;1;28;7;14.6106774257728;14.965903483638126;14.326237164389713;Enrolled
6;18;5;16;8;13;140.68069602658412;6;1;13;15;8;98.76214250239757;9;0;1;18;12;13;39;9;2.8559971420096524;-1.346680105892435;9.607459864884271;Graduate
17;17;5;8;18;8;198.77245954340293;14;18;9;9;10;97.68809930767425;9;19;18;16;4;15;29;9;12.728327756127502;8.882868299192971;1.0095800737292437;Dropout
3;0;1;16;16;13;143.15552834629787;18;3;15;9;16;160.40334271868483;19;17;5;12;17;16;24;17;5.193088324837564;12.73972587013716;6.5053458862773255;Graduate
13;13;0;18;10;2;198.55855399271275;19;5;6;18;8;193.31862518026762;15;15;9;14;13;10;31;8;9.340300753278829;6.518763348235801;6.982027112391924;Graduate
17;18;4;6;8;19;173.00262973263102;1;16;3;9;15;90.21251057206557;0;4;8;1;12;1;29;1;-4.092571554523536;7.79392756733122;-4.5330367843357955;Graduate
8;14;3;8;9;15;117.34653730746369;18;4;19;5;5;169.8348151653555;16;18;7;9;6;4;37;2;6.146239439680468;3.1534217903427475;-1.42333277501556;Graduate
1;17;5;6;17;1;149.22344772156535;8;6;10;16;10;162.277170078624;13;3;10;12;7;15;29;1;-3.5967612757801914;8.49521667433028;6.0355387662445565;Graduate
19;1;3;12;19;9;199.1349203426441;18;8;15;4;16;170.55346114414124;18;5;8;17;17;15;33;5;0.37235914187598596;2.911558293922476;3.0550511698137797;Enrolled
14;16;1;10;12;2;184.3283668527116;4;0;19;5;3;129.0945947438569;16;16;19;10;6;1;31;11;6.336286517373573;4.532392763028968;-1.1992437095967845;Dropout
6;17;4;13;7;10;100.71035831703432;17;0;3;14;14;180.25460891236406;13;6;19;12;19;15;41;18;11.14327532843361;-2.9417651475435025;10.453374697283397;Dropout
11;5;5;18;6;10;167.70091964909957;15;18;16;18;0;94.91776245607481;7;6;8;18;16;4;38;14;6.2178728760782125;-4.8438319963923675;4.779897613575253;Graduate
7;18;3;10;16;12;128.01375444578943;3;5;12;17;19;173.09742106842305;8;8;7;4;15;7;35;18;13.723830822304201;-3.896977517221063;1.1994628473369833;Dropout
14;3;0;12;14;6;90.7680488068383;11;17;10;3;0;119.37791354839965;7;12;14;2;10;19;19;11;11.206650151516712;-1.1495671812479658;-1.7664530716850813;Enrolled
2;0;1;13;19;16;134.38290659296996;6;9;2;7;8;142.45215523438787;12;19;1;18;18;13;30;17;-1.8751970778979477;4.1320763919013075;7.223267255832617;Graduate
13;7;4;12;14;1;115.82298638974684;13;10;8;15;11;180.48998987129426;16;13;0;12;0;9;26;15;2.7791697125587467;-4.580118582970922;8.325226053227418;Enrolled
16;6;1;0;0;11;180.07561975725187;11;0;5;18;3;119.84949387102508;18;15;8;4;7;1;33;1;8.369708546135577;-1.88126721691535;8.391944331541906;Enrolled
3;2;0;7;13;9;127.1063669730342;2;0;10;19;12;110.37282628082829;6;8;8;11;0;2;24;10;13.768120632185802;10.628892077688771;-0.5942527942259446;Graduate
17;9;4;11;4;17;181.02760633491988;4;12;15;2;6;164.94445038826726;16;14;12;13;8;17;34;11;14.754317374893418;10.24333116524094;6.906768144447042;Enrolled
7;9;1;18;10;10;90.06577327182748;16;4;18;9;7;148.67343806574848;0;4;7;5;18;1;28;4;10.263728759256143;10.794605833509998;13.10812929716855;Graduate
3;18;2;11;15;15;123.86010650287311;9;19;4;1;12;146.5844255620803;4;17;4;8;8;8;33;5;6.475386111587278;13.430818863935478;2.06375201525975;Enrolled
1;13;0;7;1;16;116.52817357385382;9;0;13;3;10;118.24464670917044;5;19;2;16;9;1;39;10;10.13219379475984;-2.618579985309617;-0.7846613471631176;Dropout
5;1;0;7;7;18;115.6924097175472;10;19;16;5;8;93.83683364020304;1;7;3;7;10;6;27;9;0.4647283892789549;-1.737202475442341;10.44299032041524;Dropout
9;0;0;12;10;17;97.5005281742009;16;2;2;10;15;135.12960521648887;15;14;16;12;0;6;25;3;0.6720605451926538;1.6710722920262882;-1.4623411968109723;Dropout
3;17;2;11;17;2;110.58366974515519;4;17;3;13;9;101.72154285145447;4;8;15;4;19;13;38;8;8.086986923246464;13.302823979618193;0.07497440789783916;Graduate
17;6;2;15;2;15;151.1104526874182;12;8;15;15;10;189.65880657141224;4;18;15;16;7;4;40;11;12.436711527998206;10.5095548601189;-2.9871121137607504;Enrolled
11;7;3;0;0;5;122.04971801215189;9;13;15;18;11;94.53753558189035;11;5;19;2;19;7;40;9;14.396189783527074;1.4824254466463938;0.35748632149338544;Enrolled
1;0;5;12;10;11;135.91342605620628;8;16;3;1;13;137.48159396028194;2;3;2;5;11;17;41;13;1.8266920166243654;-3.2472836443453024;3.2067013242995674;Dropout
9;2;1;6;15;10;131.45535683819074;16;13;18;16;18;95.74701420709107;15;10;5;13;0;5;39;4;10.931072462026405;7.327600522976683;-3.7168427611401778;Dropout
3;7;3;4;17;14;186.34954174998842;0;3;16;8;11;100.50982620212429;5;9;0;14;9;13;41;0;12.030616105749875;0.13638331611304721;12.434178217946009;Graduate
13;14;1;7;15;14;189.5828898911567;3;4;12;16;17;162.47533336142243;14;2;15;13;3;17;31;4;7.463464860627855;5.623051319371061;5.273495844333713;Graduate
15;4;5;13;9;15;144.2252668821446;3;16;0;14;16;161.18223870715042;14;0;14;10;14;16;25;15;1.9518376445952583;13.836067192019538;6.762072637770608;Enrolled
14;2;2;12;17;9;126.31715453471648;17;1;11;6;2;93.63574143673837;15;11;6;10;18;8;28;4;7.381771305476022;6.452344906286688;2.425715128669088;Graduate
7;18;5;14;5;11;101.74807744026;8;4;3;18;0;90.12446226329573;19;14;1;8;5;12;27;4;6.6889780862302555;13.476688728467284;8.396704591078237;Graduate
13;0;2;16;18;12;194.87431673203045;17;3;10;2;18;98.66998849670624;12;14;9;5;4;15;33;17;7.130510115929818;2.860775719897508;3.635634717020615;Graduate
7;14;5;14;3;3;96.62496393903272;13;3;4;0;3;173.92987874831363;11;13;14;14;4;9;22;5;7.385204275754429;7.667026745775413;10.2262754907849;Dropout
15;7;3;19;12;6;122.74153053251085;14;5;1;3;15;154.30341200266577;9;6;5;11;17;9;44;17;11.9411638174339;12.877799478939284;11.428042870308143;Dropout
12;1;4;17;13;1;122.78728212870045;5;19;16;17;11;94.19300697073407;13;16;1;5;2;3;24;9;-1.5983697346533932;6.759746232182769;8.436982237730454;Enrolled
17;2;3;17;2;14;125.24414147542365;9;12;7;7;12;143.690671746011;1;18;16;0;1;11;26;14;2.3458789523033623;7.297973540542085;4.82671238348461;Graduate
14;13;1;1;9;7;108.07155275996502;14;4;5;18;16;168.32322927598966;2;6;0;15;3;7;41;10;6.7200345470142295;9.32615964162449;10.645387012044553;Dropout
12;13;3;3;5;6;176.14775740160667;3;6;8;5;7;185.5846534060887;8;2;0;19;17;14;31;18;0.6665547722325282;12.642155143765063;4.885706228096982;Graduate
8;10;0;0;0;14;103.47476481625881;17;19;12;0;12;192.74401397249116;10;2;3;14;8;18;20;12;14.563062441680785;-3.2363987751829404;-2.769801912608625;Enrolled
14;15;1;3;13;13;159.8397325068479;17;0;10;7;19;126.01846192494733;10;17;19;1;18;14;34;19;0.2630051920465837;1.7371876435217377;-2.673195535117876;Graduate
12;3;5;17;7;7;103.62306293763992;16;13;15;0;4;104.94156712545923;9;19;15;16;9;7;27;2;4.392577612847305;2.953694521612076;13.971662792660023;Enrolled
0;19;1;4;18;11;97.75892013522522;11;3;15;18;17;116.06185128045922;13;13;7;2;14;7;25;15;12.547300914261367;13.194193307783554;-0.7287398308424775;Enrolled
6;4;4;18;13;12;190.0372454054464;6;16;1;10;14;175.3788641244246;8;2;0;2;0;18;25;6;-3.398726746795475;14.12015849032403;11.318499820439527;Dropout
8;13;2;14;9;10;110.91416429505762;15;13;9;14;11;196.8632636546542;19;6;18;4;10;8;44;11;11.413760041885038;-2.592390706697505;-0.06589185449942914;Graduate
0;15;5;7;16;16;180.33751700156748;10;15;11;10;16;141.30329790964186;9;6;10;16;13;16;24;14;6.4201673794933996;-2.6178464042243843;3.615601877136328;Dropout
11;17;1;19;8;16;149.90939582178493;13;13;7;18;14;123.58885349025687;8;4;16;16;9;7;19;7;-4.363959183606592;13.697235885047249;8.098962241962882;Graduate
7;6;5;16;5;3;98.56421715696466;2;15;10;9;1;137.2109640156038;4;2;9;19;18;11;37;16;13.058257839335383;0.9154380276518541;-1.8226565420819174;Graduate
10;9;5;0;10;7;195.09930105818742;18;19;9;11;5;123.52944591096457;7;17;11;5;15;14;34;0;-4.216063290885139;-0.16371161925694544;9.74492976727755;Enrolled
18;6;5;11;6;4;117.16572836910818;17;7;12;0;16;118.21362755278697;10;14;8;0;7;3;30;7;5.304355925425856;-4.2875426849180265;8.798259451130765;Enrolled
16;0;2;18;16;15;184.56098798878674;9;2;16;6;15;155.31258276478974;0;19;6;6;1;5;19;13;-4.019375072686378;0.5119186954129802;5.861657782115659;Graduate
7;18;3;14;0;3;108.56910063630207;5;18;6;16;16;91.73095784108989;9;13;11;14;6;15;33;9;-3.575998030510037;8.870528544519765;6.317795120848649;Dropout
2;15;5;8;4;14;183.93371703560382;12;0;2;9;19;118.5507473531487;0;3;14;6;18;4;20;18;12.744086285157838;3.5207232547912337;-2.8845641295681923;Enrolled
2;18;0;6;8;11;91.45516941958233;9;1;19;5;8;162.7520285629488;6;7;7;18;6;12;37;7;10.316510939248872;5.337407033035204;3.7189830087024447;Enrolled
0;3;4;1;17;4;146.29585022264288;17;14;12;16;4;93.52689659374855;13;12;16;19;14;14;44;18;-1.0611765351021707;13.345911932297707;-3.268572092847508;Graduate
4;17;2;8;1;15;174.63868373637126;19;9;18;17;0;99.15219981598285;4;7;4;10;7;16;34;3;7.409359464285076;-2.7062043465736707;1.1572658206702124;Graduate
9;1;1;9;10;13;192.82750692420615;15;17;6;4;5;122.27357592643634;16;14;13;13;13;19;31;9;10.89359136862431;-3.57518569514802;13.00624282181267;Enrolled
6;0;2;1;5;9;190.01223498271358;5;13;8;17;13;186.55852784698834;5;16;1;12;0;4;35;2;12.791812827337296;12.038614982477885;6.490668011095842;Dropout
8;14;1;18;7;6;180.15873565024094;12;16;18;16;16;174.13747761818257;15;4;15;19;12;18;44;3;4.366138536782927;10.49711594861413;9.854068763053633;Enrolled
6;4;2;10;3;12;187.70104846274344;3;12;12;15;18;92.43722923578679;10;19;16;8;2;6;38;15;12.949997548024083;0.27468373890064957;6.477717347517846;Graduate
8;19;1;12;17;19;111.91416544207841;13;0;7;7;0;145.1884098357341;9;3;2;8;5;2;22;3;5.1570014543512315;1.4846825274816577;-1.1152648398670184;Enrolled
7;10;5;9;10;4;121.26027252829016;0;4;17;12;0;120.21562433861584;14;10;0;15;18;12;31;19;8.764560843553822;1.2055567155132056;6.89616631559783;Graduate
11;9;3;13;4;2;121.78653774131644;19;12;1;15;12;161.35102249682694;6;17;17;11;14;13;23;19;14.580587188502783;7.956175960438225;10.107761546110499;Enrolled
1;1;1;17;14;14;131.47593241018689;4;13;17;10;13;169.37092708528073;1;9;17;9;3;15;28;12;-0.2809642161094654;-3.7757698602204126;-2.23189994265945;Graduate
0;2;1;18;17;3;133.26527374237077;7;2;17;5;5;184.9148834842211;11;16;3;5;2;12;32;16;-1.6295744783504373;4.788031705274538;11.338134201891698;Graduate
15;11;0;8;1;14;149.90108571201432;11;14;10;2;5;142.29578608144158;18;14;14;17;3;1;25;15;1.8403764995574035;-2.322540617745097;6.107843579565916;Dropout
4;19;1;6;10;13;107.58677397030856;1;18;0;0;0;199.3895097400143;11;5;18;1;4;13;36;16;-1.7120195455938125;11.39477081852495;-4.914495956624374;Graduate
2;4;0;2;12;19;166.03713301645882;11;16;13;17;13;197.79847180158202;15;15;18;19;17;19;21;5;0.6832561140974835;2.613260086199305;5.39556972675954;Enrolled
11;4;4;19;3;18;108.43231932349572;4;2;15;4;2;187.03833969181363;5;14;9;8;9;6;27;2;9.85970646741208;5.551443864389185;2.9134298427365923;Graduate
7;5;5;5;6;12;124.13393303150022;4;15;10;12;9;153.2356444673878;2;7;4;18;7;4;18;19;4.550480718425744;-4.413647824424281;0.9289302257997516;Enrolled
2;8;0;1;10;9;145.36796436667694;12;13;0;9;18;133.78070812541966;1;8;18;5;11;13;38;3;2.500825889898037;-3.8347137291789535;10.425144398357505;Dropout
0;1;3;5;3;4;177.6084617675825;8;11;6;4;18;130.08249411537633;19;10;10;1;2;8;32;7;2.374480105515861;8.501096614669322;12.989997673177019;Enrolled
2;11;5;2;14;19;171.34161565626;9;11;15;13;18;91.33372250965193;4;1;6;14;17;9;20;19;-1.1094005019989361;10.335410902826641;10.253061786902204;Dropout
4;2;0;15;0;19;161.00877920515745;0;10;13;16;3;117.40919469666031;10;12;4;16;7;6;21;8;3.9482290857399054;9.200711692044028;11.935451631817465;Dropout
14;19;5;7;2;5;107.13505866381871;2;16;14;0;19;169.0689058444081;2;3;19;15;0;13;23;0;7.492711173763524;9.740372729157205;13.175618864223463;Graduate
13;11;5;1;13;3;150.17498801771353;17;7;13;1;18;156.3995309882373;2;8;11;7;13;13;22;12;-2.216903309635525;-2.9076029890134203;13.252586227529555;Dropout
2;16;5;16;5;1;99.6191151979874;11;16;10;6;9;190.8064408084287;4;4;18;9;12;1;40;1;14.456257229404294;8.869016821950822;-2.707237140064851;Enrolled
0;9;4;8;17;15;131.50994944763158;2;19;15;9;1;95.50244936082136;10;18;14;9;11;16;38;9;3.8656235285346714;-1.3650483462181273;4.127709777743229;Dropout
4;13;3;11;0;17;135.4868183318955;8;10;18;19;3;107.08042634950637;2;2;11;17;2;19;26;18;13.959218335027895;-3.039691362464292;-4.994270512141794;Dropout
13;16;2;2;5;4;94.37925833903292;1;1;16;6;5;176.81681682873432;12;2;3;9;17;3;30;16;-2.3068214675162957;10.143216609096822;5.129251694073451;Graduate
6;17;2;10;5;3;120.1386909416969;2;9;5;15;6;129.43583943148673;7;5;11;8;12;12;24;12;10.344319063453604;12.788122342031293;13.484878686875817;Enrolled
8;18;0;0;15;12;195.12144139931382;13;9;10;4;15;103.01798670896657;19;9;17;18;14;17;30;13;7.352761010870898;9.334198148103175;-1.017954192036532;Dropout
14;16;5;12;4;18;194.89958686126585;3;10;16;11;6;199.6095555610098;9;4;16;0;9;2;30;10;11.401282390867415;11.111469056295068;7.795732575331593;Graduate
14;13;0;14;16;1;128.7559759677793;18;5;8;16;17;176.5975332936299;1;2;18;3;0;18;36;9;7.013558459104104;14.821763102432318;7.887580928357874;Graduate
9;8;4;4;9;12;94.74101198431565;12;3;17;15;19;134.9615140433935;3;6;15;2;5;4;44;6;14.256732664856123;-2.3048817718663095;-1.792920306244541;Enrolled
12;7;4;16;17;10;109.70044332609997;6;11;16;19;18;180.56822246407543;17;17;10;9;8;0;39;9;7.5386366185971525;14.30305104866077;-0.22945121365079313;Graduate
18;1;1;5;6;3;133.14395727768942;11;10;11;15;8;164.86642571310688;18;7;1;11;9;8;19;0;10.692082506889362;7.02395610980205;4.240435679204822;Dropout
6;12;4;10;2;19;194.25576677661527;2;12;4;18;19;176.89722355268168;3;0;15;17;14;7;17;13;12.551635450667348;11.26506314690041;-1.2358124709130913;Graduate
16;6;1;17;12;19;105.53189698909034;8;4;10;14;9;179.67270153222148;19;3;0;19;8;2;25;2;9.291669424209202;8.003383631753401;6.699879570490182;Enrolled
19;8;3;3;14;14;173.98674280350335;1;5;3;11;12;99.32015516193496;8;6;16;5;13;1;25;12;5.484733131263207;6.400755775706983;4.690834620445381;Enrolled
3;10;0;2;19;3;101.95507933121613;8;0;3;9;17;158.52701764569053;15;13;17;1;10;0;38;1;0.45634157526840635;9.072379880433756;5.383963570247463;Graduate
4;13;3;12;18;8;197.93833351304045;11;5;2;1;15;90.74641082745103;5;12;12;9;6;11;18;16;12.089852267913386;1.4051732902596559;-2.3106489435888955;Dropout
6;3;4;8;2;6;131.97781490200484;11;17;16;6;16;94.78018709312877;3;9;4;1;1;12;32;2;4.6115650537735675;13.485430469838253;5.3450365087728695;Graduate
12;12;3;5;3;18;175.27579927889616;14;8;6;12;12;189.4378009961425;8;17;5;8;13;9;24;14;7.414164526701182;-2.694148558884426;-4.010436178917214;Enrolled
14;1;3;11;4;18;127.6850191092245;1;14;3;2;11;148.0320093492486;12;0;0;9;5;16;42;7;-3.4154692423816035;1.3606236817292423;12.630705960233634;Graduate
10;4;3;1;0;5;159.04357648746895;17;7;12;14;9;170.94921844553772;8;3;9;1;4;10;22;5;4.947026462536996;-4.376752935989934;1.8649938161118484;Graduate
3;10;4;2;3;5;111.12176932140405;12;18;11;0;0;182.23510894874607;5;15;4;7;4;4;39;8;8.963152880396901;0.4264609529218344;12.126746496714148;Dropout
12;5;5;2;11;19;106.06231212266587;13;15;0;2;7;194.45454443210434;18;15;0;16;18;8;29;10;6.6814381986754;-0.6357384571719127;9.033127374896877;Graduate
6;17;3;11;9;14;193.18705535249444;4;5;18;9;17;185.62881327150757;13;17;10;16;18;12;17;1;3.9710971209141004;-4.007382786427376;10.32345178594362;Dropout
18;9;1;14;19;14;190.94120056948768;9;5;19;14;1;143.16425935670233;14;7;6;3;5;19;35;8;-0.531453665006616;4.835481276972441;1.2908898907784554;Graduate
1;3;4;8;12;19;187.62158342341706;11;2;17;5;15;126.95673381185625;2;9;17;17;9;10;31;17;1.1934040018031915;4.372720837112196;-0.44512120331889626;Graduate
9;8;3;7;13;8;158.79767951832528;9;9;10;19;11;106.9942559826642;4;15;19;11;13;3;17;18;9.012487163246021;-3.4450911220266223;3.134811076822297;Dropout
12;5;5;10;4;3;178.9095032337906;10;0;19;14;8;134.0353630736008;17;10;9;16;16;10;26;17;-0.5161860232120219;0.23701062816828333;-4.515482751744013;Dropout
5;1;4;15;3;17;97.59406306025124;1;13;2;6;2;130.31429370772798;13;5;14;8;2;8;17;4;7.434532306177637;14.066443209327122;13.375113537366989;Enrolled
11;16;2;3;13;17;126.8267946079747;4;3;16;4;3;151.55323261514607;15;0;3;18;0;6;44;17;6.794752251124063;-2.7852675097915935;2.7402853193224903;Dropout
11;4;5;0;9;4;124.50734372328719;6;11;11;3;1;163.20603496329346;13;11;15;13;9;15;28;11;14.408349587737273;1.1003729771893633;14.771132096871298;Graduate
19;5;1;6;16;19;159.92098541478745;5;5;9;17;7;197.61580240895523;8;5;14;13;2;4;27;3;-3.784363150306602;-4.282752030906829;10.228988416148256;Enrolled
10;11;3;1;9;10;129.15535508177044;2;10;7;2;9;170.12248047108056;14;12;14;16;4;5;33;14;-2.83754785407877;-2.022255947524665;-3.3896998040137905;Dropout
6;9;2;4;6;4;106.33574598080489;12;11;14;16;15;160.81233856872154;6;16;11;1;18;18;20;10;5.12166931291514;8.98794214931579;8.203765556851518;Dropout
0;5;2;6;15;3;155.61137829548983;2;9;4;17;10;126.86016776951769;13;0;7;7;9;0;39;18;5.542196507072692;2.3343300132587768;0.4167832967591023;Enrolled
0;7;4;3;0;11;179.58223127359895;5;17;3;17;17;93.79542641481586;5;7;7;4;15;15;23;4;-4.201446823896575;4.041531413582412;-0.1256270883723971;Graduate
19;1;2;4;16;1;132.03358439059704;10;6;19;1;13;121.6937641740161;14;7;17;6;0;17;28;5;11.517108417189043;-1.860432097386877;0.13125339806425718;Graduate
12;11;1;0;8;12;104.54955866083299;16;6;18;12;7;174.52926905055796;19;10;5;15;5;12;29;12;4.894469962057915;8.642803457826034;13.321500973856338;Enrolled
8;12;1;0;5;9;111.63570170441054;9;10;3;14;14;112.57991348841819;7;13;4;15;8;0;21;9;1.9328749328105754;10.030431961825073;4.999603521427499;Graduate
2;6;0;14;18;8;116.12316356863224;11;3;14;4;16;168.3407013041526;1;9;1;16;4;9;44;13;1.3770754122975166;-1.3777590096652048;8.389417976232117;Dropout
6;9;1;19;12;9;122.98873522939898;16;19;16;2;17;153.77578268263574;7;14;11;6;13;6;22;3;12.228143631083626;-4.100130727601156;0.6189565159940136;Graduate
5;12;5;18;2;6;160.707457755694;3;0;11;4;5;108.90425567255113;0;6;3;19;9;4;18;19;-1.0653426714363934;-3.38117731381963;5.4590891037023646;Dropout
7;16;2;9;6;3;156.1040032991491;1;12;2;4;13;118.7787286921013;16;6;12;7;1;12;37;11;-1.791645891347815;8.140915144060354;2.0020027642237963;Graduate
8;13;1;17;8;18;166.5687847723743;10;17;9;4;2;144.5933963835124;18;9;16;7;4;15;23;14;-0.7364294155343369;-2.2897879501032214;1.4227808079280146;Dropout
4;1;4;2;4;9;129.87521829846645;6;8;14;2;6;136.02121756186324;4;3;15;10;0;19;30;9;7.500450953039273;4.878376683376711;-0.06062304059575574;Enrolled
0;10;0;10;9;2;180.63974170679762;1;8;9;2;14;175.64202323014354;19;17;8;14;9;13;41;10;11.218617112568182;-1.947169381476599;3.18013796986801;Dropout
18;0;2;14;16;18;112.44964272713364;17;8;17;19;15;170.78451067975718;15;9;0;17;8;10;38;8;1.6195738757635914;-1.5970390358952047;8.200602212600458;Graduate
9;18;0;10;11;1;141.59448222699694;3;9;0;17;15;153.20319538203188;6;18;14;5;2;18;44;10;-1.5307600377037422;-4.912789933169628;-0.5591244786578198;Dropout
11;3;2;16;15;19;178.10325936955735;7;1;2;19;7;180.45021826202176;6;13;11;11;14;1;30;1;-0.8161166474275898;1.416485117167758;14.308879737547002;Graduate
14;18;4;16;2;9;109.81745125058812;19;5;11;3;6;151.89364947527395;17;12;4;14;3;7;26;12;7.3836755703570205;-3.2040546785427937;-2.5077664707266667;Graduate
8;10;0;5;8;1;102.08494251148612;13;14;0;0;5;196.08281823229862;17;14;17;5;12;12;20;7;-0.07929547571540141;2.8792255068085044;4.604144154428727;Dropout
19;7;3;4;14;1;187.20523644567888;11;2;2;15;1;113.89465090661895;1;15;19;17;5;6;19;7;12.545604627027338;6.955686192351678;-3.299435672893012;Graduate
16;10;5;7;4;16;127.72226290351155;17;10;2;7;12;168.5545192962368;14;1;1;19;19;11;41;0;-2.9221729117137207;2.350638958562339;-4.5466935786198;Enrolled
16;3;5;1;12;15;165.22571373999352;10;5;4;16;11;130.69385452599147;13;3;3;8;16;7;39;5;-4.352629319889596;9.101632616706706;13.453546393967269;Graduate
19;16;2;15;13;15;92.78834646903323;7;2;18;7;14;120.68628138622132;17;17;14;7;4;15;43;12;-3.2324350807819213;9.829035360787161;11.207695879012682;Enrolled
11;6;3;19;19;13;165.90515772503946;1;10;0;6;8;109.84262235644842;8;16;5;13;14;17;30;8;11.912862407726408;8.932127747216237;8.883107462511166;Enrolled
6;7;0;11;14;6;124.77114427016676;14;14;3;7;1;150.77538238876983;13;9;11;18;7;18;22;5;8.02459039331322;13.734271192629961;12.303816262998893;Graduate
1;2;3;5;15;10;96.13149389461859;8;12;3;11;16;113.70163760241324;4;8;17;18;4;3;39;14;14.154892662345006;-0.2541144600969787;11.056968459394572;Enrolled
2;1;3;0;12;0;157.07940377029286;18;19;16;15;4;112.03859365932465;10;14;19;7;12;11;31;15;1.7259308253951522;-1.2108709377004678;7.944754419727843;Enrolled
16;14;0;3;16;10;116.48841976804906;19;9;13;11;10;198.95850955921998;7;11;3;1;0;15;24;3;-0.7464374398060114;7.1942297848373435;11.946846515367383;Dropout
4;4;4;16;7;3;132.5487966257068;7;5;17;18;18;178.1922158530337;4;8;0;3;0;16;21;16;6.239504786274983;6.897540188683669;2.816011069202105;Enrolled
16;0;3;12;1;6;98.86388935151649;18;14;0;9;6;172.31045022798128;10;13;14;5;6;3;19;8;5.7565655825349715;5.201966673496141;6.055036664702522;Enrolled
16;3;3;17;4;14;106.18795762044398;4;17;15;6;1;177.34666884710305;4;12;17;2;4;19;19;11;6.820479763906436;-4.91293617011471;10.526213059572914;Enrolled
16;14;4;4;5;17;122.7774959045428;10;17;2;11;15;196.58151610906168;16;5;13;2;13;8;29;18;1.950677253206976;6.104764598119969;-3.304039675073067;Enrolled
1;19;3;2;11;11;99.87354506161728;14;6;8;19;11;153.0604357628524;3;18;2;18;14;4;18;19;-4.882061199264265;13.655961137459581;12.172909343249678;Enrolled
1;18;3;10;17;16;190.19088911549466;7;14;3;4;14;114.22682651431467;14;3;14;10;16;16;40;11;-4.299366941187664;1.691553782257258;-1.8633908860678994;Graduate
4;2;3;12;0;0;90.66517475023763;18;17;4;15;0;184.8430604828563;18;19;4;9;17;16;17;5;8.276529228450258;14.35198386640501;12.290825057950784;Enrolled
0;19;5;3;16;10;143.22462407507425;7;17;10;8;12;171.7003802399499;1;16;2;11;6;1;28;11;5.4651609631096285;2.135133583953886;1.2266574326585395;Graduate
0;10;1;13;10;0;103.55722039458065;18;19;8;6;5;135.57391435675905;16;18;6;13;17;1;24;8;11.42022519302547;-2.2029099496436433;1.535656919384369;Graduate
18;16;4;10;9;14;123.84469984257433;17;8;2;19;12;142.0926448432111;11;2;5;17;18;6;35;19;1.0081971757359387;2.9680682985427698;-3.5210262026059747;Graduate
1;12;3;9;18;9;191.8665515800092;9;1;5;13;17;135.2377638326756;16;13;0;8;19;3;25;4;11.309444744623502;4.892226258470881;12.71799247791499;Dropout
11;10;5;18;13;6;107.78640086013856;6;7;10;10;2;192.29363762519046;9;16;18;14;6;12;44;2;3.5098282690308658;7.589288203531822;-1.5097919521826086;Dropout
5;1;4;17;9;1;196.24155516901658;8;19;8;6;0;127.78847726481236;17;12;6;2;7;19;30;1;-3.066032289073255;5.09756324044668;7.600998040740306;Graduate
3;8;2;5;14;9;112.6373814688364;0;1;14;9;14;195.983270652179;18;8;3;10;12;10;44;7;14.558231251813886;5.734372548124362;7.879351985070446;Dropout
10;1;2;14;18;3;171.57227193135125;18;10;2;8;12;190.1298948379345;17;0;11;9;17;2;43;9;5.238718582910398;-4.5186592328478925;0.623030068292918;Enrolled
16;8;3;9;3;11;150.13449913870429;4;6;0;3;4;159.35732564729906;12;16;19;17;10;1;34;14;7.589570279246926;0.07240338267978608;14.713219149136087;Graduate
5;8;5;4;1;18;187.2926600356435;18;5;19;15;12;153.7803950410082;13;15;17;3;8;15;26;8;8.415943729791358;1.2139331587834405;-3.7166756377783017;Graduate
4;7;5;4;8;10;150.9392581053444;0;9;18;9;4;130.70982080769681;15;17;8;12;0;2;25;9;2.2482450445376134;14.74177075762898;7.157440219830367;Graduate
19;16;4;9;9;7;148.80151410719395;14;4;13;18;18;92.01722279117149;17;1;18;5;7;14;22;10;9.950566397242746;0.9113547697406732;4.590878549143781;Dropout
1;0;4;4;10;17;111.50038004052399;15;10;16;16;17;104.03855048615286;17;13;3;12;11;16;17;8;12.405329307020342;12.931576976485704;-0.09031785705450712;Dropout
5;10;5;2;13;10;108.28522982568246;6;0;13;8;9;172.96544556845035;15;16;0;19;1;15;21;13;2.7437395282771764;1.094724010821575;-1.7289657735410713;Dropout
10;7;4;5;6;10;190.81380662270658;11;1;16;12;7;141.86941392469816;16;2;8;4;14;19;26;4;8.140017732630964;-3.0777933791521783;9.741687163179728;Enrolled
15;9;5;3;14;12;126.06220187350374;7;0;13;0;14;106.48219476067649;6;1;14;19;17;6;41;8;10.14247647954419;-0.047652018781112915;13.326297489623727;Dropout
15;6;1;17;18;2;130.92904804591853;4;18;11;1;19;119.0356939545058;11;7;7;13;16;15;29;3;-1.1974820462183744;0.45656769828595856;-2.8490747609055522;Graduate
0;2;5;8;14;11;173.58060242712273;9;1;15;12;3;194.26205898316996;1;1;14;12;14;4;38;1;1.6519216879193488;14.564971877779683;-1.1203957578798907;Dropout
8;2;2;16;7;2;127.2705830665088;4;19;0;8;1;130.38461188412916;9;1;14;13;19;1;39;18;-2.824083072380903;8.485830111344743;14.725394945911308;Dropout
5;17;4;12;10;9;194.7268691302903;16;3;12;6;5;189.84501397410688;4;8;17;7;19;0;20;0;7.0441692849640685;13.63361991241932;-4.699546515242508;Dropout
15;4;5;14;8;16;171.17205458986803;4;11;5;15;2;123.50994155229344;2;19;6;15;8;12;17;0;11.018753916417122;11.699900444096436;5.165039393058466;Dropout
2;11;5;19;14;1;155.7172166830762;14;19;16;18;6;149.7542103803877;18;5;17;12;2;15;37;11;7.216773131698673;6.571969813561951;5.322257001636286;Graduate
19;11;4;16;0;16;186.89846765992277;12;17;11;6;9;92.25247916984176;12;11;15;14;19;4;18;10;-1.4043233804591204;8.507758484911266;0.26323050291547645;Dropout
3;18;1;12;0;15;95.4566499184431;0;0;18;5;5;147.40626214109346;11;8;1;18;18;2;40;0;5.927369820522747;7.4967438739206305;8.260577608873216;Graduate
18;5;1;15;18;1;118.27689614081297;10;0;5;17;15;160.06362116716934;2;6;3;0;17;14;20;13;11.698682970528193;8.325260523835734;13.898818128540274;Dropout
2;1;4;3;2;19;141.1539967643001;0;13;6;18;1;115.77356092708956;5;11;19;1;19;15;33;10;1.0544959215643823;0.295473292545525;4.004278619131544;Enrolled
18;11;0;4;9;5;114.96763934186731;10;3;0;10;16;153.6830893825893;13;4;15;17;7;10;26;6;11.653030045052809;3.162502684158742;9.988390108023811;Enrolled
19;18;4;4;7;9;171.82957060323673;17;4;0;11;12;161.18845492560843;3;15;2;18;0;18;39;1;10.69246567539976;6.852316231962927;7.921405185429165;Graduate
6;4;4;8;14;9;191.11288341590978;17;10;4;9;0;165.55746862199322;12;4;1;7;14;17;28;14;-4.565183843266503;-4.281430698882858;4.458837270834298;Graduate
19;11;1;16;9;7;136.61471319240158;15;12;5;12;5;175.40436542243134;18;11;2;2;18;8;43;7;-0.2109037182899609;4.656698028033867;-4.0037540039359065;Enrolled
8;16;1;12;0;0;127.63458601230845;12;15;15;11;4;124.24731672223581;17;19;4;13;9;7;18;19;5.858848115954515;12.194538667957065;9.834996099145506;Enrolled
0;16;4;1;17;12;195.7705805351323;6;12;15;9;12;152.4554652075066;2;8;1;8;11;18;19;14;9.352347400385186;4.847354551706598;2.265028942429259;Dropout
7;9;4;12;1;8;138.9337676110295;0;1;13;19;17;197.9736932741054;19;6;18;7;5;4;30;7;12.610610513056585;6.046467373109987;-0.5101062319515819;Enrolled
6;16;4;18;18;9;143.79532404942114;15;15;0;17;11;188.79585877316728;5;18;19;16;12;16;41;9;7.820846365357886;-0.9618975896961839;13.96537299576341;Graduate
17;14;1;2;12;14;128.6814859576096;0;5;12;3;6;194.7931970908203;15;19;1;15;3;4;31;18;2.606883424990782;10.886866879708759;10.47005539094324;Graduate
7;11;4;9;0;4;190.05033203133522;16;13;19;4;14;132.47500383814287;19;10;1;9;12;13;29;2;-1.3074558652536927;2.1775657607505767;14.24537363353873;Enrolled
0;15;4;1;1;15;152.5851031610036;5;0;9;4;2;176.5620916486328;2;11;19;9;16;6;25;19;10.200717109248629;14.131751069590887;0.124338643311801;Graduate
10;18;3;12;15;12;173.8392045899809;1;16;9;11;15;158.18877469363827;11;2;17;5;0;8;18;13;-0.8643688135175971;14.874296165191584;11.715866551557745;Dropout
17;7;0;18;14;19;179.2987390185975;16;10;8;2;0;99.10085913684652;18;16;19;16;4;16;35;8;8.908610429364996;13.320010851916859;7.154428085239385;Dropout
9;16;2;16;12;17;127.60339461089839;5;18;12;7;15;180.6378428072772;18;6;13;15;16;2;32;8;-1.3757676525758522;-3.3024651036771213;14.630073786064393;Enrolled
2;4;0;13;15;10;137.7063764452418;13;2;2;1;11;164.4811403993101;3;9;14;14;17;7;27;5;-3.178922993810711;1.6636631099205363;13.926338912273145;Graduate
6;15;3;11;16;8;183.33189518468913;17;10;17;17;18;111.88090954667935;0;14;11;13;6;12;28;7;0.022004474130690177;13.902752702050346;14.459360898854047;Enrolled
15;5;2;11;6;15;129.95808868433912;5;4;19;8;7;98.77124131724075;1;1;10;3;15;15;41;10;0.6985961105022849;11.090665896888751;14.03535236679884;Graduate
15;7;4;10;16;1;177.33286467970365;9;16;1;12;11;182.07243437131638;12;12;10;3;7;9;17;7;7.9441826898982;13.223671786148593;-4.84678266219122;Graduate
19;17;3;6;6;1;193.50915548318807;17;6;16;6;14;98.67920124403211;12;3;6;1;11;17;18;11;-1.7823326451588217;6.451063872821976;9.821708203013788;Graduate
16;11;4;3;12;11;158.55314103748077;8;9;18;9;1;100.04892519030803;1;17;11;10;13;2;32;9;13.606138259737762;4.607951763750604;0.43869122419283535;Dropout
1;14;1;18;4;7;171.57900161970778;7;10;12;8;16;137.01491166947469;18;0;15;3;18;11;43;3;6.087233726845469;-2.870073659910979;9.100541911050561;Graduate
0;8;5;0;16;8;178.56070432452483;9;2;12;14;6;104.82776112614248;15;1;4;15;10;15;18;15;4.818634616329309;11.789430846461983;14.612224025078174;Dropout
15;12;3;2;2;11;182.95436137863067;16;19;0;4;12;190.50365571869912;11;1;1;3;11;17;42;19;3.6938902861673544;9.902830968409571;-4.2128121860248235;Graduate
11;14;1;12;6;8;133.45586716424756;5;9;1;11;0;141.73123298895604;0;3;15;0;12;16;35;5;6.332026939003821;-3.822467939691756;6.339756648787009;Enrolled
4;9;3;14;16;9;95.6389805093598;13;9;0;0;5;152.60660787200285;8;2;14;18;7;6;26;8;-4.551060656764355;-0.8117082080942932;9.699063162335387;Dropout
4;15;3;1;6;1;134.20638983604135;5;13;4;11;12;192.09166984258962;16;16;10;1;0;18;35;4;14.801727491581648;6.14555126630021;0.06717564429613798;Dropout
8;6;1;10;0;15;164.11318527624988;6;11;2;5;10;148.32895482021834;9;13;5;8;8;7;26;5;6.150487523885319;8.688048041292774;-0.49756125865715095;Dropout
8;16;2;3;16;19;139.53854243588722;11;14;6;18;9;128.89502605530504;17;1;12;12;1;16;32;16;-4.296099957196445;-2.2465947147798704;-3.79308989196238;Enrolled
2;6;0;18;16;6;172.38594659464383;2;9;12;18;15;177.6870616397415;18;15;18;17;13;6;29;16;6.799552093991997;-0.10350363075352309;-3.121602856638488;Dropout
18;13;4;16;10;1;129.268067241553;13;9;17;15;19;138.71352172227319;6;10;9;15;12;0;32;12;3.7415751657935754;-1.1377957658197202;8.134998216967231;Enrolled
15;14;3;2;2;0;159.82185552144324;18;18;6;18;16;125.0316368162536;18;12;18;15;15;7;34;16;-4.519246066671823;-0.6000569465891559;5.104212380639018;Graduate
15;6;4;17;14;18;110.5061785339372;15;0;0;2;16;169.55524044660882;14;0;4;9;1;18;40;13;13.48857504314946;13.414262471375334;-4.398555450361082;Graduate
2;8;5;7;10;3;172.43063803094526;6;9;4;9;3;178.17662442743472;8;1;6;8;3;19;24;1;-4.788662558523733;9.316391460775082;14.393235175055317;Enrolled
19;18;1;18;15;1;150.02655656943284;7;1;16;17;4;177.08877843426984;9;1;10;10;11;19;40;18;6.557433537556427;9.742139608066067;8.120917389776102;Dropout
0;15;4;4;8;13;112.44708274012606;17;16;7;12;13;197.54418555415782;19;4;13;3;15;9;34;2;14.235814952524478;10.879906217385651;5.309371380320167;Dropout
19;7;1;6;0;1;122.1102290847588;12;6;14;17;19;176.5333643762459;19;3;15;9;9;11;29;1;-0.24791006033948015;2.131460852881199;0.4544847325284662;Enrolled
10;17;4;7;15;14;172.34695794400156;8;6;19;2;9;174.69267795435547;3;11;17;2;2;0;41;1;0.0835814848719334;10.343692287982812;8.161977696150064;Graduate
16;17;0;4;8;11;143.08613592276728;9;19;3;2;13;184.32337791098422;5;2;3;5;3;3;43;6;-4.991537428796953;14.568267886458742;2.283357257654255;Enrolled
7;19;0;16;18;4;113.76345844323794;8;8;1;11;0;90.0203714824987;3;19;0;2;5;3;23;3;-3.672976560240382;8.96788491881884;9.04988325324979;Dropout
3;6;0;4;11;19;196.39983094073273;14;1;4;19;10;129.86745523065477;4;9;14;8;4;8;44;16;-4.102231768458237;3.335062245850782;8.651438406135284;Dropout
5;2;0;3;18;6;168.66375217985768;19;13;0;6;17;171.13634056378643;8;19;13;2;17;14;37;5;11.453125673768511;9.327195714219494;-3.1451240975174133;Dropout
7;17;0;18;8;9;195.28483157937757;1;16;4;7;15;155.96909122213052;11;17;18;17;2;14;39;6;11.734751398898378;13.015894005257387;13.185214166219833;Dropout
19;9;0;1;6;13;136.98155498963774;12;0;5;8;17;109.53292028947794;7;9;4;7;9;6;40;19;9.534001683690454;-2.4247691264805282;4.739485032033626;Graduate
2;6;1;10;13;13;142.26103747608926;1;8;1;13;7;123.41063979973998;4;0;3;7;10;11;41;5;2.0549002503418423;0.30589351169442835;2.858898779331078;Graduate
15;16;3;12;18;4;188.7750737803521;18;19;0;4;9;127.04718721903174;10;5;12;14;18;2;34;8;11.425088997776843;13.385924306578104;14.109242872575571;Graduate
2;13;4;14;18;17;147.7554274269923;1;18;3;18;9;152.46109222895475;10;10;17;12;13;19;22;19;5.79549040485764;13.924658008890543;3.7641856222242325;Dropout
17;2;0;11;1;13;167.80068030962337;2;3;6;15;4;181.47581260851842;12;1;11;6;10;8;25;3;1.0862055295984652;4.6827825423589005;9.424418338061288;Dropout
13;11;1;10;8;1;117.7390165245083;5;7;0;11;9;192.57409577554478;13;6;14;18;3;13;22;4;3.745535382287809;2.4910192680659504;8.102729544996723;Dropout
17;12;1;6;12;11;139.13991155729047;2;12;0;3;17;172.5101654139003;7;19;8;7;5;12;34;18;-3.6846446033084868;0.6556361120605843;-1.6971980383388674;Enrolled
1;1;1;4;14;5;103.57948523913906;9;3;7;7;5;182.72454291944908;17;17;3;9;16;11;33;9;13.898173734998274;4.975030821819368;14.822855474862738;Dropout
2;2;3;16;2;3;112.65780394646578;5;8;19;6;2;141.71055542966678;18;18;4;16;18;0;28;17;7.382328347036802;13.690623031821033;4.272086445817733;Graduate
15;4;4;19;10;12;90.10377567943942;15;8;15;14;7;132.87528515845162;11;3;8;0;12;18;19;14;9.624682898611457;-2.0038074515108906;2.89565144834617;Graduate
8;10;3;8;13;3;94.31915568135263;16;17;12;5;8;133.19793853586387;11;12;12;12;9;15;43;0;8.531667408397531;3.3966127709444045;13.392269855064601;Graduate
3;7;2;13;7;13;197.50122054946223;18;11;17;4;4;157.76423811739528;17;17;9;12;10;11;21;4;8.354999690419614;13.232157139149777;5.584766731542201;Enrolled
0;11;1;11;17;15;116.65890646504386;2;9;19;13;1;103.66603761113899;9;19;15;15;5;9;23;4;-4.654780290055198;1.982385402885038;9.101539238586247;Graduate
3;6;2;5;18;3;162.96417804544024;17;10;9;12;1;153.74436010692872;6;12;12;8;1;1;26;7;5.507425595696933;10.361628140870742;11.924920945240217;Enrolled
0;14;5;16;15;0;182.30096686795727;6;6;11;9;6;163.16461462020982;17;18;3;9;0;17;26;19;11.434204572510684;2.7851957248220405;-0.29011208550963286;Enrolled
13;16;0;18;1;12;150.57265051602207;8;8;0;17;16;138.27996142268626;11;16;12;5;10;12;35;14;-4.109622971768001;11.098533566460834;-1.6106682961094099;Enrolled
15;3;0;18;7;3;106.84589500923518;19;5;9;3;9;194.8483894448284;13;0;7;4;15;5;41;16;14.123313677765413;14.620046999144172;-3.6298638881798806;Dropout
19;12;3;15;5;19;170.09280810697828;11;18;8;7;11;156.90345996175327;14;5;12;1;2;11;42;18;3.483193660119783;2.7564402115055664;12.942665984921305;Dropout
7;17;4;11;11;17;156.02765511095413;4;15;2;10;1;114.19994194602877;15;18;14;10;4;3;44;12;0.7979098410274243;11.90197309148401;-0.9926581051370249;Graduate
6;0;2;11;14;5;170.43756482821126;2;14;18;16;9;142.7137883176868;1;19;19;8;14;0;20;9;5.636427232838857;14.768336496806015;1.1550808812878781;Graduate
2;15;4;19;7;2;174.6721285142796;10;6;8;17;19;164.29448808488235;17;0;19;5;14;10;26;16;11.024283756860726;14.676602860225085;0.7161385215790217;Enrolled
16;12;3;5;3;12;197.29514044532198;3;15;9;10;0;125.59920370385268;11;7;12;7;3;7;34;4;4.495101235372751;3.675421630666161;1.0917597504478982;Dropout
0;9;0;3;14;15;153.0919608029381;4;4;18;15;3;98.76057669179255;15;16;4;8;3;1;19;17;7.902113531727837;4.715222410982999;8.361222536574369;Graduate
15;11;4;5;19;4;127.5805223959662;0;15;15;11;12;154.17791981819735;12;14;5;8;7;1;37;16;4.998287757337199;1.06803123286004;14.082271174810764;Graduate
11;1;4;10;16;3;161.33110125902607;17;0;17;12;11;194.26571854816478;19;17;4;7;6;15;19;3;7.625445132823183;1.2803752744473007;1.5890687191508075;Dropout
18;2;0;0;12;7;97.52847801668888;11;18;13;15;10;143.35791841194913;16;6;12;11;16;0;21;6;-2.2393816960672686;4.849412452644707;3.1529430931739366;Enrolled
13;9;2;14;17;18;188.7137050153745;12;4;2;0;9;189.67199887117417;17;15;4;7;14;3;32;4;-4.2267322764380015;-0.9896281987138256;10.422939682172224;Graduate
5;1;0;10;1;13;103.13191124720164;8;6;1;15;14;181.85259472088634;2;6;12;2;4;5;36;7;-2.2619718860521454;9.22246592309855;3.6467588837537175;Graduate
5;12;4;18;12;6;126.06271216744;1;18;0;14;4;106.21540619973817;9;16;19;12;12;19;29;7;0.7167628932785757;5.726170695085047;13.520855358520947;Dropout
12;12;2;17;12;13;179.7319918688733;4;4;17;5;16;167.8986914019128;0;3;7;18;3;13;27;10;0.06712124896213645;12.961357143465648;5.06436101490433;Dropout
18;17;2;16;14;5;155.70436161637832;12;16;8;11;4;137.90120775791763;5;11;8;1;16;19;42;8;7.303506993212938;11.211648676210821;1.9546971152723085;Enrolled
7;2;0;18;19;11;133.2999072305186;15;7;12;7;1;117.52709577892306;2;12;18;16;16;14;29;18;4.117788482684819;1.4494222569226922;14.431449674685393;Enrolled
1;6;4;13;9;15;142.07792253125234;15;0;1;6;8;165.56321912333732;18;3;19;15;13;6;35;18;-4.22376037946306;5.116092460353347;3.5156375212835993;Graduate
0;13;3;17;2;16;184.00021325223983;2;1;6;1;5;171.69267905220636;3;0;14;3;13;6;44;8;-4.3026818736594885;10.010298552775483;-0.3765025762391483;Enrolled
14;19;4;18;18;12;127.40048246658813;3;14;15;11;17;109.78859506083226;19;0;9;17;16;17;22;19;-3.188239957586685;-1.1359974504321668;-1.4459837042093415;Graduate
0;16;1;14;2;13;185.66146532933885;10;19;18;13;13;190.58891502618292;2;6;10;13;7;1;40;16;2.06162314801732;-4.368045403648333;14.903626516566511;Graduate
4;11;5;14;13;6;99.69478740743607;13;17;14;15;18;172.62619683465851;7;8;4;1;1;19;29;15;-4.876340980725411;12.046090526165678;10.059753862576983;Dropout
15;15;3;3;7;13;175.44782809294938;2;10;10;10;13;192.67130490561655;7;0;8;12;12;14;44;6;4.879745308602807;-2.248994850141035;3.173195949103615;Graduate
18;11;2;6;3;14;183.230239636021;15;9;0;19;7;124.87805406400601;6;15;10;19;15;0;20;2;2.2133932861860544;12.788228619074129;11.527266857043802;Dropout
3;14;3;12;19;11;109.99994181210727;14;3;6;8;16;193.32685173172854;1;17;18;16;15;16;41;18;6.1088260488165265;13.27216047762289;5.936122590289701;Graduate
2;9;2;2;10;16;137.33811856094206;9;4;19;9;2;130.5369423622219;5;14;1;14;5;19;38;7;9.416504561656016;4.214008762743145;1.347791472665449;Graduate
16;6;2;15;10;8;108.20497521300211;8;3;7;16;9;95.9366737570131;15;5;5;19;3;12;21;4;0.01945630959708744;11.135634247051563;9.867716174719188;Graduate
16;19;3;8;10;14;167.72645418936395;10;12;9;11;16;173.92663275799256;9;1;0;4;2;11;35;5;-1.858327047421806;2.2638249270827675;9.917894777663037;Enrolled
11;4;2;7;1;11;148.88825448678224;15;12;4;5;10;167.38589584971749;3;8;2;6;5;14;21;1;0.5610711192677513;12.165290970234935;5.003384583682699;Enrolled
13;0;2;19;16;1;159.8855681379153;9;17;8;18;7;155.77020914896656;12;3;2;17;3;4;37;18;-4.96473636096189;11.493637683334338;-4.096833192890072;Dropout
5;16;1;12;8;4;111.61356636518323;16;1;0;10;0;143.88831188225913;9;12;13;10;17;6;30;12;-2.5997408894843854;-3.429632205975952;-3.4595502685266477;Graduate
2;2;4;16;1;12;113.29204482576614;18;15;1;8;12;93.53817973548945;13;10;19;17;5;7;44;5;10.016607273726688;6.652034815047344;10.774989580025425;Dropout
8;12;4;16;14;19;94.5647058060897;1;0;18;5;3;158.70569766721698;8;12;4;4;4;13;44;5;-0.5438631519942971;7.799978071934962;11.469527519764263;Dropout
4;13;5;16;15;7;125.42742887153027;1;18;13;15;6;135.8518076745073;10;10;16;12;8;3;20;1;14.885992676080772;-4.982854186235679;8.565794971543646;Graduate
16;17;5;0;3;13;151.57191274670424;5;8;19;19;13;151.62303430150394;17;18;14;17;10;13;28;4;-1.6433695727038167;14.598366374585908;11.781371508353658;Enrolled
13;3;1;7;7;14;184.37284053970615;18;2;9;15;4;137.22534761644;10;7;5;1;5;9;22;10;10.77543431130987;3.131351498014217;9.389749407152241;Enrolled
2;17;5;18;8;10;163.3620192204549;7;6;8;5;10;196.26617460417188;16;6;13;19;15;15;35;10;9.100889436510691;5.346864117184262;12.93869241017832;Dropout
0;4;3;5;4;0;137.89359557397265;2;9;9;4;16;156.4519791265932;1;15;13;3;18;10;26;13;1.4426428563261524;-1.103918404139581;-1.9920345477343937;Enrolled
19;15;0;2;15;2;194.84321258335515;13;0;5;3;4;172.41599636627137;2;2;16;12;10;13;17;12;1.6147828713193046;7.218371550345225;2.7548305665374695;Graduate
0;0;0;4;12;16;169.1169720633415;15;9;16;1;19;192.99816422181917;10;16;7;15;14;13;39;7;6.271031619342091;11.212397325587176;4.282215877816384;Graduate
2;13;0;12;6;18;192.31817231488048;0;8;5;5;2;155.07592552084137;17;17;7;5;8;1;39;14;12.047481949651168;6.717846914394563;0.9532758951642712;Enrolled
17;14;1;14;19;13;148.03467705993822;2;14;3;8;4;91.32687696046408;2;14;18;7;18;12;44;11;2.723738882389288;10.760700916041943;9.50732896298888;Enrolled
9;8;1;13;16;7;118.47947022724536;17;14;19;16;14;93.77208461415967;14;16;8;15;18;2;32;2;-3.7764023816318693;9.622159214363338;13.248776253782804;Dropout
2;14;2;15;2;12;95.81093550011941;8;2;2;13;18;167.2572277512048;10;10;10;12;8;17;20;4;2.4883835380459356;-0.2468437694572394;3.249643985385527;Enrolled
7;16;0;17;4;19;169.86933366322356;5;4;18;6;15;120.69936497664119;10;4;12;3;3;3;25;5;-0.8537465351451718;3.716256822183082;13.830839291959332;Dropout
13;3;3;10;18;2;103.34332978060876;0;8;17;18;7;153.73177000827437;19;15;12;1;9;18;44;1;13.784140341300347;-2.027462311271828;5.335378142881133;Graduate
17;11;5;2;11;4;123.30526410991638;9;8;3;0;12;112.25048991997359;10;14;18;8;8;15;34;7;8.945486927518951;-4.16128249849796;5.450312536321022;Graduate
14;4;3;9;6;8;148.57179986722872;5;6;7;19;15;119.72737625678856;18;9;18;17;18;3;33;4;-3.983346715733027;-3.7386208947173816;7.00439081355513;Graduate
1;4;5;9;8;5;152.08582465577223;11;11;16;14;2;145.51051615428827;0;13;4;16;14;18;31;16;0.8597707452521286;13.849998597457812;0.36662130238650725;Enrolled
9;10;0;15;5;1;156.06415166858497;3;8;4;17;0;197.31264096916902;4;1;15;7;18;14;35;1;-3.9956807015838613;14.690749182687568;2.6672103827007394;Enrolled
1;5;0;11;16;12;108.28808633846707;12;5;12;2;8;157.7897538130111;9;15;8;14;1;0;23;10;11.600333407495718;-3.100449839003201;6.064749057709893;Enrolled
16;6;0;1;15;4;131.77111453038137;16;1;0;17;8;192.97629149643257;9;18;19;8;9;15;41;3;13.125928038143218;1.7038687034409739;13.839657711465236;Dropout
7;13;1;8;2;7;157.89136498286632;7;8;12;1;16;195.5317839825642;13;7;2;16;18;14;34;10;-2.7544078832185126;-2.711586396879546;7.853851569104368;Dropout
0;10;5;2;3;0;196.6800751097163;19;16;3;9;1;112.89209960625581;1;14;18;1;16;15;22;8;3.8058009201739225;11.684576467379383;1.6623311577741902;Dropout
8;12;1;14;9;19;170.03942514696575;2;0;13;10;8;124.23129627158389;3;9;4;5;19;19;35;5;13.637665636728517;4.925941832805634;-4.790628533669947;Graduate
10;1;1;2;4;11;191.48641328033534;11;18;2;2;18;174.69915093405746;1;4;7;4;1;0;37;1;-2.095766265706589;7.425235118510987;14.633312998598115;Dropout
15;6;4;18;9;10;173.84332641455947;6;5;4;6;12;185.34404025204782;17;19;13;16;18;16;28;14;0.8380718131262981;5.798217314700125;4.859691156367909;Enrolled
6;19;3;17;11;6;155.08886657816404;11;4;6;7;4;147.11494186084803;12;15;2;1;16;4;41;4;1.0854930034531174;9.20507167681432;13.769903166615421;Enrolled
9;3;3;7;9;14;111.1225706049979;1;1;0;18;8;199.2548674008604;18;11;12;17;17;4;19;11;-4.39883375596003;1.3826448663412112;5.986904676701057;Graduate
2;7;2;16;12;10;163.33542170817645;13;8;11;17;12;91.27294186307972;4;12;10;9;16;6;17;12;-4.274535306200187;-2.250132909399354;7.109297204445774;Enrolled
17;19;1;7;10;15;158.5717522555898;4;13;10;12;0;122.95519211437372;19;8;7;9;1;12;21;16;14.055856541658258;-4.64759994540572;9.238245118079442;Enrolled
12;18;5;6;15;2;156.27160875029932;8;3;7;12;14;158.5477929119038;1;16;18;5;18;11;17;3;6.4218521797250805;3.9138577725187638;1.419514673288111;Enrolled
6;12;4;6;7;19;143.8764454787065;10;3;5;18;3;141.62189020312312;10;19;9;11;0;3;24;9;1.1329664285723577;13.156688575828746;8.979679213500692;Dropout
3;13;4;2;7;13;148.15222643882032;4;14;1;11;3;102.82632630716809;17;11;17;16;10;3;23;0;2.57349321413169;1.1053307602453337;5.535838197027674;Dropout
12;9;3;0;7;2;126.78867798299144;2;7;18;16;19;130.456579402862;5;4;17;12;9;5;31;10;9.296858576900483;-1.0808635772875386;8.449598991650134;Enrolled
19;10;1;3;12;0;147.12439619065336;16;3;19;11;9;92.7991857624543;9;11;6;19;4;14;27;15;2.330344071092407;13.520854924942142;11.716665218196802;Enrolled
0;1;2;4;1;14;111.73114962463261;1;15;19;12;5;160.70206506828072;16;0;15;15;15;18;34;10;-0.4447919381342347;-2.8910272249741165;-1.315417394560321;Enrolled
7;8;1;0;11;0;178.56918370964144;0;3;13;11;11;188.20167972959908;10;19;5;9;4;5;30;8;-2.963253168004012;-3.963979331683798;7.271018206715194;Enrolled
13;16;0;14;9;16;110.43546501685786;6;15;0;18;19;187.33615361618047;18;15;15;1;11;11;43;1;9.578660234360743;12.58826349910876;-3.9577734278032684;Dropout
15;2;1;4;11;1;99.3462918878413;13;11;9;13;15;166.94989211421012;16;11;15;1;3;13;25;6;-1.3886996664955054;9.018187639093782;-2.9576982210192626;Graduate
13;5;0;12;10;19;137.9870628992873;4;15;15;6;2;141.23472150477204;3;8;0;6;5;17;21;18;-3.6070346014740484;3.441372762748255;8.49188471471174;Enrolled
11;4;0;7;14;5;162.4138183456668;18;18;3;12;13;146.32347805606386;13;12;18;5;18;11;39;17;3.5390889099295393;10.046879460176822;-3.581246963833611;Dropout
18;4;2;7;15;7;138.14885074268955;10;7;10;5;0;105.06107063952292;19;16;2;0;8;14;20;19;-4.2085807637729244;9.828799040885382;6.907155596279477;Enrolled
14;14;5;4;16;15;120.44295451464394;1;5;15;18;9;127.51188024311233;3;16;5;11;11;18;28;6;14.299961166857734;-4.198788734788341;-0.599748026972291;Graduate
1;16;3;8;1;18;151.39883022794848;7;9;19;18;14;110.6500883048101;13;3;3;12;14;7;17;8;7.545859351496794;8.5249362412368;1.0816965702349606;Dropout
1;8;1;0;17;0;128.170256895342;8;4;0;3;6;180.33202236849502;3;13;3;11;15;8;40;11;-1.946063791068784;7.817447549054252;-2.407269957051472;Dropout
18;2;0;3;11;2;192.61544591392965;2;17;15;18;3;190.62292914717557;5;18;3;18;12;4;29;2;-1.5509182710307834;14.275582728326071;-0.02665027654321417;Graduate
16;19;1;2;18;2;191.49096535639293;1;9;18;8;13;149.0615587562129;8;6;9;8;6;4;17;15;6.396569605456907;14.33245220319527;11.42583569638656;Graduate
19;16;5;1;17;4;145.2609001969305;6;9;8;15;15;170.05404445642387;11;2;8;9;19;5;19;6;2.131315146755872;2.555986524040879;7.777568112130551;Dropout
9;9;3;7;16;11;126.06723934200843;4;6;8;3;13;103.36112479978402;7;0;7;16;3;2;38;4;10.485334883754273;6.796838237764366;13.995195894257094;Graduate
5;2;5;8;5;11;171.0845655352303;4;17;8;5;2;156.9388107604962;3;11;18;17;10;4;24;6;5.916129712378332;-2.172852502232425;-4.025102892924894;Enrolled
14;17;3;1;14;19;94.03842378313733;19;0;16;7;16;167.30701235156306;4;14;16;7;7;0;40;18;3.6666775104988254;-3.6708694808573195;10.848239943681373;Graduate
10;17;4;13;2;12;142.22459066480164;12;6;11;15;13;139.80449424625408;5;10;16;6;5;10;34;16;14.259604961305431;3.6555974451780493;8.981543665588491;Graduate
4;16;3;13;5;19;126.99557336973669;19;0;12;4;17;116.76003929177685;4;9;0;8;9;19;41;15;2.81458112419378;8.79764021670021;0.21784610395072068;Dropout
0;2;2;3;2;8;191.258947361281;5;14;7;9;2;186.51119725955306;18;1;19;9;6;0;32;18;3.01221847594687;6.355222445954539;9.58333405621169;Graduate
7;2;5;5;0;6;91.32033299999507;19;3;15;12;18;171.71995919490945;7;3;13;11;6;6;36;17;8.31544842121578;3.593138443720038;9.330970998292404;Dropout
11;5;0;10;12;3;150.80963632901842;17;19;17;13;2;188.98430100341145;8;16;19;14;3;14;36;18;11.189571682443365;11.362250935491819;4.186904061174877;Enrolled
11;12;4;2;13;18;171.47299391732886;1;9;0;6;11;180.0242912247606;14;16;10;14;2;16;32;3;7.524299817170906;10.88854944367494;8.772792377074179;Graduate
4;14;2;7;12;18;143.35197862764454;5;8;0;19;4;198.94118725367488;3;7;2;3;6;7;18;0;8.97220444108857;9.638841101555226;3.8916180603013046;Graduate
6;8;1;2;3;5;99.39433331789938;8;1;11;5;9;111.13900065358939;8;13;7;3;3;1;33;3;2.4586313713322223;-3.4593550369247783;1.710911921157443;Dropout
3;3;5;13;6;12;196.97075290306924;2;13;5;6;8;99.54225445843716;6;3;9;0;12;12;26;3;4.589936729565194;10.929392557912871;4.329819206738323;Dropout
5;13;0;12;9;10;146.98114745137076;0;15;8;4;0;127.07030704709844;7;5;16;11;19;11;23;8;-1.059298270640734;13.388426319894002;12.902589629855825;Graduate
12;4;3;12;6;12;157.56048687509124;0;0;4;17;12;104.19045925255848;14;18;7;1;16;4;43;7;8.60492981397047;-3.8111582341816708;2.6916758572043626;Dropout
19;1;0;1;14;12;116.02707609782581;18;1;15;11;2;147.54431241968467;18;3;0;14;6;12;26;1;-0.5709611914658108;3.0334277761707007;3.073763549133277;Graduate
14;10;1;12;14;19;143.18478936174841;4;6;17;5;18;159.63317959485167;14;2;19;16;16;5;35;5;-4.974864092123776;14.767109794331756;7.168064552441004;Enrolled
2;8;4;18;3;14;137.20644411541542;12;9;16;0;10;153.61174766907442;4;19;6;6;3;14;36;10;13.675242396135022;6.984777169365673;10.059989508672427;Graduate
7;2;4;5;5;12;98.23854262021821;18;19;17;3;15;118.51641489292972;18;5;8;5;10;10;43;3;1.1203048242910763;5.271548042549256;9.69241720622313;Enrolled
19;8;5;15;19;10;101.6776388902214;11;0;0;18;5;189.97064340656766;6;6;11;11;2;3;25;13;-1.067359150679954;-1.4510770506251292;-4.604025397636855;Enrolled
15;2;4;1;4;18;182.1219771580652;15;12;18;11;2;92.32896001089163;5;13;8;18;10;0;38;8;0.36293461931551807;6.3097256666833985;8.748306660377063;Dropout
12;1;5;7;19;7;116.38019474272492;18;0;7;14;18;128.2814689139842;18;11;19;0;2;14;33;1;1.6089539523729517;3.7808652093890593;4.0110809619785375;Dropout
17;11;5;16;11;19;111.44540986484935;2;4;2;2;5;169.0891722937867;16;15;2;13;11;11;25;0;4.490928528963474;-2.4511388885975394;5.481799351089149;Dropout
9;9;5;1;0;7;145.5402596375153;11;15;4;19;7;174.36218189840753;9;19;3;3;0;8;25;3;-3.6129665796280674;4.286653052360684;6.233266738859584;Dropout
18;8;3;9;7;9;174.56218444987644;4;14;7;7;12;135.77303988750458;18;7;9;4;3;10;21;11;-3.9465368758909825;-1.7120138964947906;9.634392342165308;Graduate
16;14;2;15;0;15;96.81411704368867;1;16;18;10;11;91.86007945820037;10;1;3;0;13;4;40;4;0.8582153107614516;9.613272434521132;11.626659672166259;Enrolled
18;7;5;5;4;18;153.44887116020814;6;15;17;15;9;157.9848047036111;14;12;8;0;0;6;23;8;0.9153226239419165;14.47296732287246;7.925218892644722;Graduate
4;4;5;1;5;10;103.11314871246307;12;12;17;8;2;96.94041493015372;9;7;0;5;13;7;27;3;-2.647075443715299;4.391540968513922;6.278144416120025;Enrolled
8;10;2;1;2;12;94.01071559081802;14;10;0;2;3;101.8641353768866;10;19;4;4;12;0;24;15;3.0958318864106857;7.647366638292256;2.475385096254037;Enrolled
11;1;0;12;14;8;95.80183473784392;2;16;14;4;0;161.5275791610809;2;15;8;1;12;0;41;1;0.6805733640556451;3.619510495336847;-2.242435615361049;Enrolled
0;14;5;14;4;19;181.75805190292854;19;16;17;19;12;124.37371587571403;2;3;4;4;14;2;30;15;-4.478888944098598;-2.230922926859893;14.171553632897279;Graduate
0;5;3;1;13;18;102.97697319908677;4;1;6;13;3;128.28331679790782;17;15;5;8;16;7;18;15;12.714415608422215;14.411105729509973;4.236845846506153;Dropout
14;7;4;6;17;15;94.96665008535211;7;12;15;14;10;143.54877846815677;10;19;18;18;11;10;26;10;12.720380360871808;-2.408426718318406;6.324244889947865;Graduate
1;4;4;2;15;6;138.16898758572034;0;13;15;5;18;197.64362343453115;19;5;7;14;13;0;37;0;-0.8163549417305198;-2.7674638297291865;10.021462788728343;Enrolled
15;15;1;7;5;18;182.83928191362273;7;10;14;3;10;196.19864428125817;17;3;9;12;11;13;40;14;-1.7425554367130425;4.183458833426011;-3.631790300403417;Graduate
7;17;1;13;13;11;118.86492141382321;17;9;5;7;11;135.78870992960827;14;15;10;11;17;0;32;3;5.945855286939635;8.177745315338642;12.10022018007463;Enrolled
12;5;4;6;7;14;136.3883879278508;19;2;8;18;10;119.20491389401104;6;12;12;4;3;5;32;17;7.615070059628618;2.098465419457824;10.940514866848147;Dropout
0;4;4;6;6;13;94.39147858201264;15;16;6;4;5;123.28513679305274;9;4;19;1;13;5;35;16;14.150851148941456;-1.1496595560619394;10.488571638196822;Dropout
15;15;3;0;7;10;139.39863655483634;17;14;13;12;11;119.56594279777646;19;14;3;3;18;2;43;6;2.546969132796251;11.379267360549527;-4.560345865311833;Graduate
6;12;2;16;12;9;153.5374388700847;19;8;10;15;8;148.54703878559587;9;7;10;17;12;9;27;17;7.364006857291168;2.2620664121910234;5.530377028208285;Dropout
4;4;1;8;5;10;152.79977591273592;11;9;15;0;9;156.75457885810215;12;6;11;9;17;11;22;12;12.56362091608619;-1.1135805323218562;-3.914632585351263;Enrolled
2;12;2;12;17;5;126.56693613918017;12;7;5;12;2;143.76573270526328;14;13;4;12;10;9;22;19;3.999075715617;2.301697550137403;6.017451576945824;Enrolled
11;16;3;18;1;1;124.7086498729449;12;12;15;10;2;134.87937984729675;17;6;9;11;5;1;23;19;-2.553084976853479;-0.7089158471441799;9.36896652511045;Dropout
15;17;4;18;7;10;101.72859808302577;9;17;19;7;19;113.24135413269315;3;6;6;1;8;12;32;9;2.5489457165994844;5.388954756246811;-2.5629949948315423;Dropout
18;7;5;16;10;18;130.34781527108953;6;4;15;7;15;143.07561505203248;19;17;8;14;11;15;29;0;-2.268661465933992;8.365787722753984;8.897662109545772;Dropout
4;12;2;9;0;5;100.94441357602611;13;5;11;13;2;127.52129851827038;16;9;8;13;18;12;43;1;-4.667210715960994;10.991147543983718;3.9906569197061437;Graduate
13;18;4;9;5;13;174.32555391832568;15;16;16;12;9;149.5755009078177;2;17;9;9;13;3;19;16;10.031061126980525;-0.4487593936026819;11.2310586135564;Graduate
4;2;4;3;15;19;196.29017275230046;14;10;4;2;10;164.27083570627863;1;13;9;7;14;3;40;2;-0.231525990092889;-1.6609198859110896;5.671778787606021;Enrolled
14;7;0;7;19;5;196.70819023333775;11;19;12;3;7;159.66433918802716;3;9;1;14;10;10;40;16;-4.959859083220519;-4.607931582095597;1.7224307166929753;Graduate
16;1;2;19;11;16;185.15782093129332;8;15;7;19;5;140.87392314461528;0;6;3;12;5;13;25;11;12.4486471507029;-0.43824463305514705;1.6398312684741718;Graduate
13;7;5;19;10;9;156.0871364273581;7;8;4;14;19;151.1657666707957;14;6;7;7;13;2;40;11;3.875776769818117;-4.521892950044075;12.94973040015168;Enrolled
19;12;2;17;9;0;167.09522669682678;17;1;11;14;10;121.33417440568357;0;6;13;13;2;18;19;19;-0.2228024073354966;1.9094840737811865;4.0574316917026465;Enrolled
4;12;4;13;2;2;121.37263829484554;17;4;8;12;11;92.66642849246287;5;4;16;0;18;0;22;9;0.25579944710838465;-2.0861382233992676;3.1150779435284193;Dropout
11;0;5;17;12;7;159.38474621898825;12;0;2;8;15;158.75213995849145;6;0;12;12;19;4;41;6;-0.18924213389899514;6.597911964555685;-4.202527554041689;Dropout
15;5;3;13;2;7;140.12145043838652;17;3;2;9;17;117.78254150514556;18;13;17;7;10;16;33;9;-1.1088767762145602;2.6745351898254626;2.286492102308033;Graduate
15;18;0;19;14;19;143.02190737546258;14;3;0;11;12;163.58490810751022;11;17;17;17;16;0;19;17;11.824524491485928;-3.128293178584809;11.992541098888495;Enrolled
6;15;4;14;15;14;173.35542164126736;3;2;17;13;2;172.17093495566553;0;12;12;8;16;18;18;5;-1.5933673126026093;2.997329260731883;10.219753130652183;Graduate
3;7;1;3;12;6;121.01101911569768;16;8;11;0;14;190.75205207141593;6;7;7;12;2;18;28;6;6.237093677587973;-0.8130376806429673;-0.5817359440680043;Graduate
0;0;1;12;16;10;124.98435728639718;4;11;8;13;13;195.39350750275742;18;7;11;2;13;3;40;16;-3.453595106556253;8.60354702680211;3.261132464270064;Enrolled
4;15;0;7;2;6;191.71059702415005;15;9;8;13;17;91.15786509406716;12;9;0;17;6;18;22;11;13.990427523572006;2.2887248954147976;-1.0684064783650227;Enrolled
9;8;3;17;19;3;96.18467243360695;8;1;17;7;13;198.9411630290101;11;16;19;9;18;5;26;16;7.066278088918436;-2.0593998156970783;14.084336336694136;Enrolled
4;12;4;11;10;11;143.41977282546745;9;10;17;15;4;165.13201503435772;11;5;17;4;2;14;27;17;13.063050224045863;1.992034648085732;6.962357570710713;Enrolled
3;10;2;13;18;5;190.40808804486477;17;9;6;13;13;160.78765764116082;12;14;2;5;1;3;32;13;2.9575555895099033;-0.5124333213962906;10.087095850970973;Graduate
1;12;0;1;10;13;157.13993085999726;16;5;3;0;7;91.6734404714891;13;14;11;7;16;0;43;10;11.213441135248228;10.915580032767721;9.276172993535582;Graduate
19;9;3;17;15;11;150.10477816333452;17;17;12;15;14;184.73567530754113;11;15;18;6;8;16;32;1;12.073089588986225;14.667351207298903;12.473787267801669;Graduate
9;3;2;1;2;10;117.47185971522907;6;1;16;17;14;106.0040591972609;19;7;12;17;5;10;40;0;9.058985823573398;-4.490172219404651;13.986555570909186;Enrolled
18;5;1;10;5;18;127.7603037970893;3;1;1;6;18;182.1063169326345;11;18;9;13;8;16;34;10;-3.1410506709258734;8.800402746305638;-4.351076524485511;Dropout
0;6;1;8;13;4;183.72532573851623;4;9;13;14;19;91.71188008845876;5;19;14;14;4;0;43;1;-4.67839827188188;0.27915667246973186;14.506023597999047;Graduate
4;4;2;11;17;13;151.51399449453038;15;15;2;16;5;161.05606887490774;9;14;19;9;1;8;38;15;-1.628806558875564;-3.671827122614111;12.41084926211759;Dropout
12;10;0;16;16;15;146.6216413132458;2;11;4;18;18;137.82816871468106;19;2;1;11;14;13;39;2;-2.6380648606664314;-4.71297380829413;2.6589481739619263;Dropout
3;12;1;14;3;12;100.95376848940319;17;0;13;12;7;112.08434019652687;8;5;18;6;8;14;40;19;9.502753283996874;12.620193384248545;11.741384851141412;Dropout
15;18;4;16;14;19;91.76309721006355;13;7;2;8;5;101.83175309474775;1;7;2;6;18;0;25;0;6.140136413786854;2.0721300415559902;9.73115964661899;Enrolled
15;9;5;17;10;3;196.0053707555754;14;15;6;14;19;138.41404662009592;6;15;13;10;9;1;37;19;5.519017290912116;14.890877841812081;10.862287533793836;Enrolled
1;9;2;5;2;10;131.46847840155257;16;17;17;2;14;103.56363858535673;8;14;6;12;3;17;43;7;0.057346006562810636;3.847543352604246;-0.5861793432188929;Graduate
16;10;2;16;2;16;156.35343683094547;0;12;12;0;2;143.50912728601523;11;12;7;14;9;17;35;18;-1.9078492652591672;-1.2480449645725122;7.971274038713307;Graduate
19;6;1;17;15;6;98.76865805060135;16;14;9;15;9;158.77387645181375;4;19;10;17;7;5;18;0;-0.8690406046220822;10.542871370450918;-4.481482114014184;Enrolled
11;17;0;7;4;13;165.1425714295351;10;11;12;7;14;181.0122612968094;0;14;19;6;12;19;40;4;3.0055401482896027;13.529844327345973;11.964582651056975;Enrolled
17;3;4;8;9;10;192.58233795765568;16;7;15;12;15;164.65143809011533;14;17;5;5;6;7;17;0;9.802864135219059;11.312420615509819;14.020859449515783;Dropout
2;1;0;5;18;8;153.32317782971617;13;9;8;7;16;97.17197433767655;7;12;10;10;6;0;42;10;0.0903323307293995;9.903984680550554;8.24246881270576;Enrolled
0;13;3;4;3;12;103.87268546129516;19;13;1;16;18;123.8175785802621;0;7;16;7;3;14;32;8;8.972260025174403;1.6939938903833696;5.253393063520042;Enrolled
0;12;3;11;18;17;153.98936802208243;18;4;4;13;10;121.67764687257505;17;13;9;19;14;9;38;4;4.830236408096869;-3.710192722099146;9.514621787261424;Enrolled
18;11;5;10;10;10;174.29819344151176;6;17;16;6;15;190.65356658181926;12;10;16;0;11;3;34;1;12.70881697021586;-0.9740130287982041;1.5272257644923393;Enrolled
10;6;1;0;1;14;134.70581902314206;12;18;3;14;4;185.45602488320398;0;5;1;7;15;9;19;12;-0.34170878221933165;3.9362050849480212;7.52775591625076;Dropout
4;1;1;10;9;18;186.78215227356145;17;14;16;15;4;130.71627101854585;4;0;5;7;5;10;40;17;4.017133652352179;14.12399740028808;9.379458786128884;Graduate
11;12;1;18;10;0;161.3551248693101;13;5;8;18;13;97.82707814708392;17;1;4;18;8;4;17;11;-3.0667046566865785;9.457083593507082;-2.1463843703762486;Dropout
2;13;5;8;19;3;188.91738101181227;0;10;19;5;17;188.3518049585207;15;12;3;2;2;8;22;13;1.703062852446413;11.565660903364947;-2.1986398900681525;Enrolled
0;16;3;1;15;13;158.5855842372071;6;10;1;0;7;187.7008948260606;9;0;1;4;7;4;35;4;5.137608880644059;0.5458779381295198;9.322763554286137;Enrolled
0;8;0;11;18;13;104.44167692053067;7;19;17;11;4;184.02207452337976;3;3;11;2;6;10;38;9;9.654804286715848;8.676460549070065;3.6356498833099202;Graduate
7;16;5;3;10;2;124.0660882215708;17;19;10;17;6;182.95898015090518;0;1;2;14;3;2;35;19;-1.0384575988273648;12.248762867559929;12.784029969218;Graduate
9;7;5;3;13;16;112.19744430777027;8;17;12;15;15;142.827940119477;7;19;5;13;12;3;27;1;-0.6381574318706829;4.588230297931691;1.2387776431367525;Graduate
10;1;0;17;1;2;189.97091474885485;0;17;7;11;13;109.5174817474558;4;15;13;14;18;9;43;3;7.631556810420987;3.597837204615173;-4.151385255027109;Dropout
11;12;1;14;4;15;173.6440074016231;16;9;0;19;4;142.52368555086704;1;2;7;16;6;6;24;11;2.649155669086232;9.388090268635574;7.997520584630394;Graduate
12;2;4;18;4;13;164.40382058010067;18;1;16;12;8;144.40575477364115;16;16;13;17;9;0;21;10;4.6418973446469565;6.198233724894926;8.684784532051612;Enrolled
11;15;0;12;18;19;123.10629515947838;5;8;11;7;3;143.89249285693467;6;4;2;1;11;5;36;3;11.722697375574814;14.863421663880878;6.071832179574205;Enrolled
13;5;3;18;11;12;110.24492492552349;2;13;3;0;3;149.26498447266277;16;7;15;11;2;7;25;10;4.981666021290502;3.5020560145712327;8.666652913891959;Enrolled
1;18;2;16;17;14;173.2096196787803;4;18;12;6;15;118.34227252902707;5;11;14;15;11;16;31;8;8.049987612183422;-1.481134453500268;5.4750868894878995;Dropout
18;6;2;5;3;13;142.15737404669875;1;9;8;14;16;130.28652992469765;14;11;6;3;18;6;37;9;8.135500833199444;4.438701055726257;8.852656321980913;Graduate
17;9;5;15;16;18;114.8368507365692;19;3;6;12;14;137.76052511598164;4;0;14;1;14;0;44;5;11.072238859120365;-0.29590013804537296;-4.12125186889611;Graduate
2;8;2;11;9;5;157.82841759818027;3;5;4;12;3;104.42333304681499;14;0;12;13;7;8;30;14;7.762789769820484;6.225076415890021;2.3679474044204296;Graduate
16;1;4;18;19;9;94.43672373522972;9;13;4;8;5;140.09005480176506;17;14;5;10;11;10;20;9;-3.70380348692275;-2.484060151241083;-0.783661640926308;Graduate
7;14;1;4;5;14;125.87872795410789;9;3;16;14;15;179.15165787765523;17;16;14;12;19;18;40;5;1.8434596537368027;13.99952547098372;-3.0134772277674537;Enrolled
9;4;3;16;13;19;141.54126940502482;10;14;8;3;3;181.0865497006164;5;1;16;6;5;1;40;0;14.7863236701842;12.19645763080322;-0.31814727667856246;Dropout
1;3;4;0;10;5;106.27541675203464;15;15;5;12;5;135.27201490911335;1;16;3;9;9;10;24;19;-1.0697942238416247;-1.8886920578225919;-1.1737876393642366;Graduate
18;19;3;9;10;9;198.31199253499236;16;6;18;11;4;147.0689143292789;16;19;13;0;1;2;36;3;6.7345815682937715;-1.5521415450598064;14.462627767231943;Enrolled
8;3;3;14;17;6;113.00071010485757;15;16;15;4;15;93.70153653485623;3;8;14;3;12;16;33;13;11.85881279754523;5.24877348976033;0.7309183543692548;Enrolled
6;17;1;10;17;16;104.3388443047592;6;18;1;6;15;164.18758121154565;11;11;11;17;6;9;18;19;6.73117121494708;10.457627740834504;-0.38082059705681015;Dropout
3;3;5;12;10;17;112.3888361275586;15;18;9;7;9;134.50664712415494;18;3;18;5;7;2;36;19;2.445405162533545;-0.6184132866494103;11.697490125379858;Graduate
17;16;2;4;11;16;174.59672464756966;2;16;15;4;8;139.00254513916803;1;12;9;1;15;2;32;7;-3.3954287456458854;-3.780565608809363;3.38232434537678;Dropout
12;11;1;0;4;8;136.8056225199027;15;5;4;8;3;186.10399998977414;1;3;5;2;10;6;26;10;2.233298050721899;5.910685531652302;3.4293089689861826;Graduate
10;16;4;11;8;9;152.19575337277917;7;10;14;13;13;140.80178780166693;13;6;8;13;3;1;18;14;-1.3586497685142085;8.831942282040199;3.871809327603035;Dropout
3;9;5;10;8;9;92.31100726849968;11;15;12;11;3;92.3311470850638;14;13;1;7;16;0;27;18;14.2172563256396;-0.1126901741456603;3.3306901224122925;Graduate
3;0;4;16;9;6;93.7874439430646;2;7;12;3;11;115.02399799559686;19;8;3;15;15;6;26;7;9.300636831165727;9.795355755012762;1.5313090991769673;Graduate
9;17;5;3;18;15;139.04081048097177;16;10;12;19;9;142.31826757390849;1;0;8;18;18;19;35;12;9.987663087197244;14.012875698892174;0.7267888510957965;Dropout
4;17;4;14;0;17;179.83207675217858;17;6;14;7;3;136.68359220233893;3;0;14;17;10;10;41;17;3.7193853200075626;-2.2585111462905427;12.639193529708823;Graduate
8;13;1;8;6;5;187.3762766578322;10;18;13;16;17;184.64071510085287;18;19;12;5;6;5;41;16;-2.800703437365877;5.220581306173905;-1.765853077292876;Dropout
2;14;5;19;3;19;99.53772243552042;3;9;7;7;12;149.63512602367834;8;3;19;13;12;3;30;5;0.3343297233464204;-3.863160986368348;-1.3787529415412147;Dropout
16;11;5;18;0;0;149.2199412311125;15;8;10;0;12;165.8599316106633;6;0;7;2;18;18;27;14;0.19422208132660224;-0.8667798553856887;6.434382008500847;Graduate
2;3;3;18;14;0;190.45526549071974;16;3;17;19;13;141.62556267478172;12;9;18;15;16;18;25;12;4.735587016030873;-3.2036129307785344;1.8731715932547015;Graduate
15;2;3;11;7;11;132.6770029837675;8;14;3;1;17;138.36213074650814;11;1;18;0;12;13;23;17;4.219595733867143;3.08013246160405;3.430587296940544;Dropout
3;19;0;4;11;1;181.25224145712053;5;12;9;3;0;139.09153353217863;2;14;15;11;11;2;31;10;3.6681643474368073;11.416635807495151;11.13093215781366;Enrolled
17;11;4;9;17;3;104.70652198393799;19;1;0;0;15;135.20137266632227;12;2;10;13;6;3;36;12;4.919549333854821;6.542609010435626;13.072621207542106;Dropout
16;6;3;16;14;16;192.89339386345785;1;1;4;6;14;149.24417244396238;14;8;9;18;0;7;33;0;14.740461639629501;-0.5483032566913852;10.811073591130942;Enrolled
6;10;0;4;16;3;172.6565649284433;8;15;12;0;4;117.5487741928964;13;16;7;18;0;17;19;17;0.9670726130576668;-4.197787058085538;-0.30143473418496924;Enrolled
4;0;3;15;13;10;193.54678320655918;5;8;0;8;5;188.01607132260028;8;12;0;8;19;3;31;4;7.305383206871753;6.067963905735059;14.599425792181005;Dropout
11;5;4;6;13;3;164.4278956907757;2;12;7;2;5;126.63941029032603;12;2;9;6;13;10;30;5;-0.20984511919390325;-2.34406570018858;2.2635300163219174;Dropout
16;14;5;8;17;0;129.97443251993695;19;2;2;11;2;106.22762175950815;3;3;17;13;14;15;24;0;4.332125318523641;1.8546805472751444;-1.6186587767077398;Dropout
12;14;2;2;19;6;193.19992897771948;5;8;2;18;15;100.62055264575196;7;3;2;4;10;2;20;6;-0.9990153370725015;5.20384517827212;4.989934109360801;Enrolled
2;18;4;14;17;17;120.31234539400964;6;12;6;14;11;91.47652066321403;2;10;10;17;8;6;42;3;6.163844705995153;13.074650713723848;9.505715392698944;Dropout
8;10;1;15;15;8;126.53897742679058;0;1;3;15;3;136.51416864235478;1;6;17;8;16;1;26;8;0.30023572967335;-3.3635334582256604;-3.3345823738385194;Dropout
16;1;3;17;0;2;167.08892598019145;0;7;2;9;0;110.63720873999671;18;10;2;6;3;0;18;14;-4.264221665623385;8.37215184533661;7.685738292420956;Graduate
16;13;3;13;10;7;174.1847929477925;4;8;14;5;3;92.38126928459727;7;10;7;8;19;0;30;5;11.3054218294564;-4.71837428990243;12.161558468531926;Graduate
19;1;5;2;14;18;192.23438322340692;5;15;7;16;0;147.2021500918476;16;9;13;3;18;5;24;16;-2.4348977575916497;7.598171047205916;0.2356296538417535;Graduate
15;3;1;11;11;3;112.52826499618304;12;1;2;16;7;164.79764035158377;12;4;5;16;6;18;39;19;2.3607759823381125;6.030649786611873;8.862464243534149;Dropout
12;16;5;8;7;17;177.77978387411463;1;5;6;18;4;99.43261560022148;6;12;14;11;0;6;43;17;4.543552182224058;11.237332401801353;2.9981725992088126;Dropout
18;2;1;6;19;19;171.24006587366597;14;7;17;17;1;140.70128502116256;8;11;13;5;8;4;26;3;3.649600008438547;5.633249457289587;3.282702862791634;Dropout
16;12;2;8;5;10;97.01740118789577;14;4;10;10;11;171.79915464608212;11;9;6;17;12;17;41;8;9.513315273800181;2.052331994522749;0.6162806241782555;Enrolled
3;8;3;12;2;13;132.59454553312275;12;8;10;6;16;198.43875031092676;13;6;9;7;1;12;34;13;6.935531918618887;-0.1449825734354686;7.487875928797907;Enrolled
11;6;3;17;12;17;121.10420027661084;13;0;16;9;6;163.3909379106817;13;18;14;14;1;0;31;2;0.9074236541497189;-3.29500516435854;2.2199850606030918;Graduate
8;14;2;4;12;15;123.49394667894335;6;8;5;6;10;116.93235058904726;14;18;9;2;14;9;21;0;-3.9659400031865966;5.6922534859286245;11.618060069231568;Enrolled
18;10;0;12;1;2;198.1241567510171;13;9;7;4;3;168.82090037568994;2;18;16;1;16;8;38;10;10.351902365063525;12.766438532971371;14.258108460990616;Enrolled
11;19;5;3;4;14;160.70551548279207;9;3;0;11;4;155.7722369501813;14;11;18;8;12;16;29;0;2.050542533568434;5.294889879113789;13.701753600818488;Enrolled
8;1;2;1;16;3;168.94437735728496;16;2;9;15;5;113.29792174397025;18;19;16;7;6;0;34;11;12.794494819999386;9.782057149317847;-1.737432540140229;Graduate
6;14;5;15;5;4;197.42794010465101;13;9;18;17;10;183.622190843231;19;14;11;3;8;0;18;8;2.9011354720650084;0.9686987643515117;-4.71619400010499;Graduate
13;13;4;8;1;16;131.49219607034024;7;14;2;2;0;137.0144869950361;13;4;14;1;11;6;29;4;9.353172122754145;3.962617197495355;3.7693668224431534;Enrolled
19;19;3;8;3;6;178.20241852980865;3;10;3;19;9;195.81754202075385;7;13;11;13;2;3;30;14;13.791294064693584;1.4920640689186282;9.577674153443734;Dropout
18;10;5;5;10;15;137.79840596349447;15;13;10;14;19;169.51911081925556;4;11;8;1;14;11;26;17;8.023049012709595;-2.8146777729020522;14.54910536669922;Graduate
14;2;1;10;7;13;185.64870389964778;12;5;14;4;10;160.90194700950042;18;10;4;1;6;15;20;8;3.2697782679500964;3.3397720656700987;10.668446031442112;Enrolled
15;16;5;0;11;15;109.87232954424334;19;11;0;12;16;170.1188121224218;3;4;3;6;0;13;31;12;6.3479853757188565;10.285744636744328;6.610986437340799;Dropout
4;11;4;3;7;6;194.24547947707077;17;12;8;18;7;142.59067207000436;13;15;11;11;13;9;24;12;5.868903770837852;2.8994999908903445;-4.472941755409052;Dropout
2;14;3;12;10;8;114.06488792519676;13;16;10;11;12;145.57491255818414;15;17;15;5;18;13;31;12;6.6964007330672555;8.003584444365346;11.51081383014709;Graduate
11;15;2;12;19;3;125.88425576790246;17;15;18;4;19;183.63281239892183;19;11;8;17;15;6;30;9;-2.063600287173084;10.172309681017204;-1.457099321415778;Dropout
19;4;4;12;7;10;173.18114575174587;4;2;12;5;17;164.9021390307853;5;4;2;3;9;3;43;9;8.970197648026199;1.454724544326453;-3.8878697162641918;Graduate
3;19;3;1;7;1;133.31306557219474;8;1;15;6;15;188.6967657710806;5;15;2;18;0;1;37;6;-2.0991345666162564;10.950291192109535;12.007176947085288;Enrolled
15;5;5;8;16;11;156.90325144430915;2;10;3;9;1;187.99094289316955;2;11;17;12;4;17;25;4;-4.70766231364772;1.7785143393941922;6.325017357440139;Graduate
6;18;0;7;19;11;138.90308511763715;7;8;0;15;4;197.4139037448674;14;1;16;19;2;15;36;19;7.495602013681271;0.1221412092091212;-2.428968042791013;Dropout
12;4;0;6;19;3;171.660693079876;19;2;19;7;17;167.02361247298677;2;5;9;1;16;8;19;6;-2.661728556488172;-0.5510766448026994;2.730853263481623;Graduate
9;2;1;3;15;17;115.1164377605472;9;17;12;8;2;145.2531889427916;10;3;1;7;17;4;42;19;10.408232734225464;-1.0019170855032145;-3.2891666554887333;Graduate
6;0;3;17;13;6;96.43037859605647;18;19;0;3;16;108.29428702299906;2;12;10;18;18;8;31;9;12.319319070016409;9.742481456267935;7.760216138556039;Enrolled
13;5;0;2;10;0;122.99223372203728;2;14;4;7;15;167.59186156121592;9;9;2;8;17;7;40;9;13.894735805678526;12.750185221138352;0.6485453268534958;Dropout
4;14;2;5;6;12;142.1739531355273;10;13;4;6;5;122.07354884359238;17;16;1;3;15;19;33;12;8.289539258127832;-0.3870305162942156;12.321882627307495;Graduate
2;1;3;11;15;5;108.48220574119465;10;1;13;14;18;121.12423248410644;0;13;8;15;1;15;41;14;4.6402978578460825;-3.295194044076921;2.1559205763938394;Enrolled
10;2;2;11;12;5;129.02770186220275;16;16;13;2;6;116.21165540928749;15;14;18;18;14;19;32;5;2.0456216141159818;1.2753395257687679;4.892677260398354;Enrolled
10;16;2;7;14;11;133.99813201229253;15;7;7;16;17;186.26342630865952;15;7;1;9;12;17;20;19;4.818501879726615;8.156944778427173;-3.7295320498804974;Enrolled
17;11;0;0;15;7;96.31310280571009;6;9;3;10;13;185.4760891350374;9;17;18;5;12;3;27;11;-1.1929554327937297;2.370401844520778;0.5118523328793962;Enrolled
14;17;3;3;8;18;154.1637973002625;3;17;6;8;5;159.4067489357064;0;2;1;15;15;15;41;18;1.9684529557818609;5.983530784224376;8.535345433811948;Enrolled
11;14;5;10;2;4;187.27777707684163;18;18;19;4;7;142.02790795078096;3;16;14;9;7;3;24;10;9.358610496689955;9.886099313503907;9.725255355552802;Graduate
8;11;4;2;18;17;106.69172042483576;11;7;18;9;14;163.9325906108679;2;6;2;12;10;5;19;5;-0.6515405773157372;3.16957062310097;-0.14356289977532732;Graduate
9;15;0;12;19;4;155.75888147416654;14;7;14;14;14;156.79523953282296;4;12;4;8;7;2;35;0;0.2813427134733004;14.993896627423897;5.076401974414157;Dropout
11;7;0;16;4;9;163.1213125401931;10;2;3;13;14;135.73076731557262;11;15;10;6;9;17;30;1;9.986565114156974;0.95898520471005;11.350622104090103;Graduate
16;13;5;9;9;0;136.1268148461217;4;2;18;3;15;131.7593954234198;11;4;6;3;0;14;25;14;-1.4432812834555842;14.564967037452341;2.598203217791106;Dropout
5;16;3;11;16;9;167.1207346100697;4;11;8;19;0;132.10737389598853;12;3;5;18;11;7;19;3;-0.0822482705324461;-0.9394066953377216;-2.3245746528642153;Dropout
6;7;3;14;14;4;135.18046978401134;14;16;12;1;10;154.80467434716422;11;9;13;3;8;17;20;4;-4.649048743546993;-2.7813651347142043;3.6374077922493857;Dropout
13;14;2;9;7;11;145.51010167751784;17;3;13;11;4;161.24362917329086;15;12;0;18;4;2;41;14;9.401031990702135;10.016612501887359;7.012573308640624;Graduate
12;13;5;13;14;6;90.80883490098697;10;16;13;0;4;139.69159288669863;12;9;16;18;8;5;44;10;7.358071311328677;9.04619313302396;-4.85202943615241;Enrolled
7;17;5;12;13;8;166.0892125548158;11;13;9;19;5;196.55605952343473;4;13;16;11;15;14;20;9;8.887709050230825;11.223386944849288;1.9713501336145782;Dropout
9;19;3;4;19;11;162.7476946839197;1;18;15;4;1;99.22302898049291;3;11;13;12;17;11;27;16;-0.7134447609337364;1.8718084346660984;7.1487164179032945;Enrolled
8;6;2;5;6;0;94.2240965058979;19;8;4;5;5;128.17517285491547;14;0;9;3;7;4;35;1;8.747527814557428;13.616153077059675;14.038239000893405;Dropout
17;2;0;1;11;10;130.50751181346465;14;11;5;10;13;136.0982151437985;11;19;7;9;10;6;32;19;6.927532353865134;-2.610371432538423;3.170974649513294;Graduate
1;11;1;16;16;14;197.6935024870834;19;4;1;7;10;91.86134778114375;18;19;7;6;19;14;39;9;2.3224595844400664;-4.394457973377477;-1.7405546904134739;Dropout
4;2;4;3;16;1;136.28102188254786;3;10;12;6;3;130.14529064350478;18;6;13;4;18;6;38;19;3.756516232688094;1.0112777022394308;5.684381959337067;Graduate
4;19;0;13;9;19;145.2139945645026;17;19;12;3;8;120.10809088901269;10;8;6;16;3;12;33;2;6.3584100654681635;10.946489268005008;0.7150472219936077;Enrolled
5;13;3;9;18;6;190.09231739756905;5;2;18;5;2;145.66398972502287;5;7;5;17;19;2;26;18;4.865843521751135;8.459646145472963;-0.7044120137043208;Graduate
18;14;4;2;13;11;168.8988063452332;18;14;17;15;15;127.00516019015961;8;12;3;10;9;12;40;4;7.836561319387423;3.7241752844524623;6.80806518056124;Enrolled
7;13;1;2;10;17;154.02771442366458;10;13;18;19;10;169.88003484411075;0;13;0;14;12;2;33;2;-1.380408447880097;0.1250722838867091;13.317670686728118;Graduate
15;6;1;14;1;2;177.758514947518;1;10;0;14;3;146.09257449484133;11;11;14;6;19;1;32;7;5.814199098323938;-3.814544264640456;11.704484086785719;Dropout
12;16;2;5;17;6;185.08028931015707;7;19;7;13;0;104.27384568458908;13;7;14;17;13;3;36;4;4.005589657290816;1.7501115689494506;-1.3541492226181506;Dropout
0;11;4;16;6;10;140.25768789109935;10;7;15;11;15;172.5067456558782;5;17;0;5;1;16;38;11;4.2204098802799646;4.200395355094992;10.317589166997127;Graduate
19;19;2;11;11;17;142.26192014250188;4;3;1;11;18;100.91517856909442;0;15;19;17;3;5;22;13;4.3876410116519065;8.740476761424105;-0.40262731253261563;Enrolled
16;3;0;19;1;11;132.46560292170193;17;11;7;15;15;182.29540848872932;1;10;2;15;6;10;23;6;12.629439276446345;7.9194390989286205;0.8140252138643849;Enrolled
6;8;5;10;19;5;196.33767540203064;17;7;5;14;10;192.45644134948412;10;15;4;1;18;5;30;10;11.372548822732313;13.946898058637558;13.401030137669775;Enrolled
12;5;5;3;17;4;166.68828797193856;13;5;15;12;7;125.46898192033393;2;13;4;18;16;1;27;7;7.591399223410736;-2.992081618942779;13.221003014275425;Graduate
3;15;5;5;5;0;99.15453728288796;9;14;10;10;0;191.8756896589224;9;2;3;0;15;16;28;4;9.329738712047375;1.7268024575827283;-1.627384709096753;Graduate
3;1;4;0;9;11;184.92555856443204;2;11;16;16;8;177.2308975034792;5;1;16;10;12;2;30;7;-4.143947278637867;4.631561638737967;-3.7161628815303716;Graduate
5;7;5;19;19;10;142.86159349198948;8;15;18;14;11;191.4679172104147;5;2;19;19;17;11;21;11;9.879834387593373;8.413915877079784;0.8623620647389751;Graduate
18;10;0;15;14;3;97.56292970647362;2;15;10;13;7;163.28971506129324;19;3;13;4;11;13;21;14;4.723293769072974;4.909033828828127;6.635501195555371;Enrolled
11;12;2;14;4;17;150.46889806796423;10;19;7;9;16;115.92084433635641;1;4;7;15;0;1;36;18;1.3549512909625516;13.255164638934772;12.537833556326522;Enrolled
6;16;4;16;19;3;135.88807068732723;11;19;3;11;9;188.39755606020697;9;9;1;0;14;4;38;15;-2.2044606812371415;7.173446911996271;-2.6232522219901777;Graduate
9;7;2;7;2;16;186.55243453488873;11;3;10;15;6;110.26915837878181;5;19;7;18;2;9;39;13;-3.495824192960164;-4.206691806175695;3.299170044050392;Graduate
18;17;4;11;4;1;112.43940639703261;2;10;7;14;18;113.43666061192891;16;1;0;13;5;9;42;6;-4.102286290065537;-2.7268806186773142;0.43499573441051265;Enrolled
6;17;2;9;7;1;180.91110704414012;6;12;8;9;5;119.81692891544;13;11;3;2;13;8;31;7;-1.7640765021951843;10.06991122961117;-4.701420655279646;Enrolled
2;13;1;14;7;11;151.3457560303998;13;8;1;3;18;123.4670942635243;4;4;18;1;5;12;42;6;-4.397124104045167;9.315753926925884;10.768925215859968;Dropout
12;14;2;8;7;5;96.00713335348159;10;3;15;8;17;146.59276063441337;16;4;4;4;0;9;17;17;9.65284484885042;-1.9300599634858973;11.265684263353542;Graduate
12;5;5;1;11;9;196.90298314580332;6;11;5;19;14;168.48030964774483;1;0;4;16;19;5;41;5;-0.027717619565206242;-3.821826778686679;-0.575418764493671;Dropout
17;10;1;4;7;15;146.38767685135198;9;8;18;8;1;191.8828991840752;8;3;19;17;5;10;40;18;2.374808538640183;6.57435710879737;-1.9751949991926399;Enrolled
19;12;2;5;10;13;121.99645396547407;10;12;7;19;13;99.72813460690527;11;11;18;0;7;3;39;3;11.454324276317656;7.714776640534669;-2.1087829275560566;Enrolled
7;0;4;6;13;6;141.6347526188184;14;15;13;10;9;194.98062984510597;18;11;11;14;14;13;25;2;-2.7068500695081865;-2.2940072497433017;4.278943795285748;Graduate
8;5;4;0;7;18;184.36435618692377;18;5;15;10;15;191.34552638064946;6;15;19;8;13;16;19;16;11.711880604724254;4.472386420816306;-0.07008825128460394;Dropout
6;8;4;6;9;16;123.53934368235699;15;9;11;6;6;95.93992213991429;8;16;0;4;15;19;42;18;7.790807011005763;1.1166305823682592;5.22711284977002;Enrolled
0;7;3;19;6;8;111.19440361353703;19;12;4;9;7;129.6353251460719;15;9;6;12;19;1;20;14;1.8405902920920614;13.626112912737753;2.697034743036795;Dropout
2;10;0;11;16;12;104.19783716239697;11;6;18;3;9;179.445772932927;19;16;16;18;15;9;32;5;-2.6438557386463146;-0.6160039322119086;-0.7821939019801754;Dropout
12;18;4;15;3;4;122.76453382292324;17;18;17;4;14;157.27342000273413;10;16;1;9;18;2;23;11;-3.1701460531817505;9.665214518065993;10.023835791146285;Dropout
16;8;1;15;12;4;175.80528957440478;12;18;8;4;7;175.70033377199474;11;17;10;19;0;6;38;18;1.7102869215864125;5.362678266886752;-1.9927221932835448;Dropout
0;16;4;10;3;9;141.8789001714788;4;16;1;10;12;169.09366726688762;14;1;6;13;3;6;30;5;-2.1931605456390835;-4.769579759479132;10.978046296408744;Dropout
5;11;3;3;4;9;115.0229764062894;3;12;19;8;11;144.644712443988;17;3;16;11;9;0;32;10;0.3542059295054951;5.339971664252355;6.228927673805844;Graduate
5;13;5;12;3;6;108.28034995707242;13;12;11;15;7;94.53398505468695;18;18;2;10;19;7;34;19;-3.9408839909735094;-3.0105570016099703;11.640742853528884;Graduate
11;14;1;6;17;14;126.6002424161417;7;1;1;8;14;154.26950222709513;15;10;5;6;17;0;32;19;6.9001684339339775;8.181243916506233;-4.904819198601899;Dropout
12;15;3;3;5;6;193.39168101742797;8;9;9;3;11;95.34233183652256;14;16;10;16;1;7;32;9;-2.09447766092391;6.310470607631444;9.983770380709657;Graduate
12;19;5;14;1;14;127.73293838490268;18;12;0;1;10;156.4099389288644;4;11;17;17;3;13;18;15;10.134646262512542;-4.791455453330508;-3.9696881349776936;Enrolled
14;0;1;18;10;2;198.69364835500988;2;8;3;13;18;178.0451948743046;10;1;17;6;14;13;26;17;-0.6365004744405578;-0.9061434083403741;14.001974380756415;Dropout
15;9;2;8;13;18;143.37535013418918;4;0;11;2;13;154.34909235721105;14;5;9;19;3;1;23;13;10.959531586763717;10.524501057440453;9.0547897678107;Graduate
10;7;0;10;4;9;109.7080310119166;17;13;8;17;17;199.6723985017867;17;8;4;5;15;7;41;3;-1.2023602754826457;0.5154522860404231;1.4034458124271598;Graduate
4;17;0;7;5;14;188.02541009728603;0;15;3;5;12;140.14531501984763;12;4;14;10;14;18;43;11;9.427331274025972;4.985668023261063;1.397009856914993;Enrolled
3;0;3;0;9;2;140.63909104483096;7;19;8;10;3;172.37102099643863;3;19;19;11;17;9;31;19;1.6614935925039465;1.239972288183675;12.229847594372501;Enrolled
2;1;5;7;7;5;168.06384778549767;18;14;5;17;16;163.39346209160982;16;8;3;15;6;6;44;7;6.662399897780167;13.4305371279508;13.056802569053175;Enrolled
18;0;0;12;13;11;198.2082741530067;16;0;0;11;18;199.0574860713897;3;7;0;18;14;12;25;6;-4.226763713565232;5.731540355668683;12.831465620774875;Enrolled
19;0;5;3;2;14;95.51928853519713;16;16;9;4;8;168.45409055848157;15;19;14;18;10;14;23;8;4.904888687085149;8.923470297120417;11.17480585132655;Dropout
17;8;5;7;11;5;100.63640157663238;10;12;13;8;6;108.04338046053283;14;7;16;10;18;10;43;16;-2.0262421059587354;-3.3304779060578404;11.38064041672746;Graduate
14;12;3;2;15;12;169.2502415609032;1;14;17;19;0;195.10694770589652;13;5;18;15;7;13;40;9;4.726404544980529;-4.193280249344957;6.455358057551191;Graduate
8;0;3;8;16;18;121.00075036250192;5;15;5;17;6;163.45549490903375;11;2;13;11;0;10;32;2;-2.172817382277006;0.18456390134261813;-4.435378941018637;Enrolled
16;12;3;1;0;2;110.2731536645109;13;15;17;18;6;96.52720538870288;2;4;18;7;2;1;42;7;3.7417824027874165;1.182685845073081;-3.2645343588201015;Graduate
13;19;0;1;9;7;94.32980678017024;2;1;19;2;19;162.33251363630737;9;8;17;2;4;1;19;13;-2.7875835953542327;8.753610823598038;7.991064988124002;Graduate
14;6;3;12;9;7;92.40313831848219;11;16;15;8;6;187.14313473422527;7;6;1;1;17;11;33;6;-0.600969645314084;6.3826100542488255;3.0233032065405396;Graduate
0;1;0;14;1;19;175.19341634317698;3;10;14;3;7;153.47460481890275;5;3;5;5;11;14;39;15;6.901578710077095;2.491592138699705;6.346192616831722;Enrolled
2;5;3;11;8;14;104.7876770106505;11;7;15;16;15;128.94216018352122;13;6;12;15;11;16;24;17;14.533212744202842;8.082349683560217;-0.3784475475574256;Graduate
15;6;4;3;12;3;141.4492677568266;12;19;7;16;2;180.30005974776776;16;4;16;19;18;13;18;10;3.98369536783944;-1.728685053274257;7.988343472863839;Graduate
10;13;5;7;15;18;156.64864966974312;1;2;12;1;12;176.07632090264124;18;10;5;14;8;15;41;5;8.74347385219005;-3.730206103705882;-0.14340911613318674;Graduate
11;17;3;8;17;2;137.1186980625731;1;11;10;8;9;149.8600369654431;15;14;4;13;10;7;36;19;5.788493420887503;12.09010184636401;4.21625595950708;Dropout
9;14;1;4;18;12;92.98173175698564;14;19;6;8;17;106.97979468854903;14;1;6;1;16;16;42;13;4.967158685888755;6.2789225653775524;4.5743979918236395;Dropout
15;1;5;19;11;7;176.18516528466998;16;15;16;4;6;117.60851340754995;14;12;0;19;15;4;43;12;-3.7059160632029764;7.981905472748425;-1.446635403216816;Graduate
7;9;5;17;7;15;91.15645469958189;6;13;17;14;4;171.2332369404716;0;15;12;17;3;11;41;3;-2.1140519544944114;1.144845014991482;12.524154527752792;Graduate
5;11;3;10;16;12;173.80788838152324;13;15;18;14;6;178.66903819344202;11;6;18;13;9;5;19;19;12.661154584651346;2.439099154753994;5.516421125462401;Graduate
11;16;2;14;14;2;188.26349431669348;11;16;12;2;16;120.71918058450888;9;7;0;17;14;17;24;19;3.2032863008360657;-3.3526510569404855;12.33567555876692;Graduate
7;7;3;8;9;15;137.61239131628895;16;10;14;18;3;130.47835849054653;13;5;12;1;18;4;43;10;7.286649531695819;12.139763756035467;0.2507139099184812;Graduate
3;10;5;16;14;8;148.9096720407578;13;16;0;2;15;98.53950737747746;9;6;10;0;2;5;18;17;5.564664654299168;6.848789001578696;-1.5532810906371886;Graduate
7;2;1;11;14;13;142.46817318794191;5;18;15;5;18;168.48081432031498;9;17;6;19;4;8;35;0;2.5776475910246965;-3.3274467364011873;-4.639667047597406;Dropout
17;5;5;6;6;12;132.81294804857828;18;0;4;3;9;90.39352990600345;19;19;19;1;10;14;33;11;2.756330852218623;11.090591994500013;-3.122706805469855;Enrolled
4;8;1;9;12;6;187.61669889073963;5;11;2;12;2;95.11956733409748;10;6;2;8;4;9;21;17;6.109300118173454;3.8823073903394896;-2.050587902267762;Graduate
8;5;0;9;16;14;188.33268617369896;17;14;9;12;2;90.47784745624989;15;2;0;8;6;16;36;6;-2.1771639704851276;10.302027003400266;-3.4228887524406093;Graduate
3;8;4;12;8;6;126.9398001105688;4;17;18;10;16;160.98515416713784;8;4;7;15;5;18;33;11;2.7451808050886806;-4.74760275821704;12.93758590284375;Graduate
16;6;5;18;7;5;157.6576729416168;5;13;4;4;9;135.91258404706014;14;0;16;10;12;11;26;0;3.9395113880547825;-4.425206060557548;13.228766158835278;Enrolled
8;8;3;10;19;1;191.95983183604505;1;0;6;0;16;122.73014374776633;13;14;12;5;1;8;25;3;14.702524473522484;-1.5843408243571067;13.747253445500878;Graduate
0;17;0;12;17;8;195.82643488354867;7;12;13;8;16;190.39711113928215;18;2;13;11;18;14;38;17;2.0290953857143545;-0.7816688771864033;14.197216731513375;Graduate
19;11;4;7;12;16;145.98549444642524;14;14;2;16;3;111.20830741442674;8;7;4;2;10;13;22;14;7.891577917617379;10.279110606202755;4.836700100398765;Enrolled
12;7;3;7;15;4;139.81072858127595;14;6;12;0;5;132.83048114195407;3;8;5;11;19;0;27;2;-2.2516900034706366;9.133883280331963;5.600492736499005;Graduate
15;7;2;3;8;11;120.65637475213784;10;14;12;2;11;193.43429810205268;6;14;5;0;4;16;18;6;-3.6903723633956176;7.321762382596564;-2.3833914285289515;Enrolled
12;17;3;14;11;0;195.4759060509451;0;19;9;14;19;136.98172191207465;7;9;7;8;8;0;39;5;12.430840280024608;12.697177929666775;-2.258959244958838;Enrolled
13;19;1;10;11;9;105.70957349201541;17;9;1;9;16;151.01630542117636;7;1;12;19;5;12;28;14;9.61469804811373;-0.05702432687267489;10.455128773121352;Graduate
2;14;1;10;5;10;153.78125336524977;11;13;5;7;16;98.83705532264364;18;19;17;5;16;7;28;14;1.3499857518913805;13.088098078088965;12.114581682834814;Dropout
5;6;2;0;18;15;121.08052942705028;11;5;7;11;9;176.91830255828086;14;4;3;10;18;12;32;5;5.09156005794458;13.189421385303646;10.694288612621843;Dropout
17;10;0;16;6;13;120.69091193825763;10;13;3;14;6;136.5034654797062;15;18;16;2;7;15;41;7;-2.285116310963229;3.6851952037372797;11.691517299899061;Graduate
18;19;4;14;2;7;134.54654461138074;7;11;11;8;15;178.05666370583316;8;12;4;3;6;1;38;7;9.143205879617204;-3.1122759915966225;0.5314063085659964;Enrolled
4;15;3;19;15;16;199.867222939722;6;10;14;9;12;117.91774068115913;11;10;2;9;4;12;43;0;-3.5933881582512206;9.5311981637905;4.321315686374712;Enrolled
14;3;1;5;17;17;96.04629375238042;1;19;7;19;2;136.4726625617551;15;0;3;18;14;17;40;12;10.140661138824038;1.7385734529415835;4.18398766790774;Enrolled
1;5;0;14;15;11;153.63960000238848;10;18;6;8;1;176.52038300015113;3;14;4;5;9;2;28;12;5.936730205399732;10.898590348734613;14.905668062834604;Graduate
9;2;2;8;6;16;99.08293738388049;9;1;13;14;15;197.12655437480038;4;17;13;0;15;12;37;10;0.577010601735295;-1.7261943219239373;13.983560402315316;Dropout
17;8;5;13;3;13;106.9972912989571;2;19;18;0;5;96.55880768259958;7;15;14;7;8;18;34;3;12.251487081229136;5.790302271487306;6.969722128520122;Enrolled
12;9;1;17;7;15;138.35192359501886;19;0;13;1;5;179.37017951607947;0;8;19;7;6;12;29;6;14.721437406777088;5.161474606364218;-2.2405373371861326;Enrolled
4;13;2;16;12;13;146.15061444810854;9;7;12;18;12;123.07579743898214;5;0;16;5;10;18;31;11;0.08698202395275967;-2.99371018860773;0.171920772613543;Graduate
0;10;3;17;12;8;118.46716492009764;17;13;0;13;6;150.58176089801793;14;10;5;16;8;3;32;12;11.124922991718652;2.266656513453169;2.2752310996347163;Dropout
0;17;4;4;16;3;124.81028439618578;13;8;18;7;4;121.91014914458228;3;8;9;18;16;18;20;11;10.003326327529148;-3.304893731065439;12.464233193868594;Dropout
17;11;1;19;16;10;99.56637222815263;17;1;0;5;6;157.4790019824789;10;10;15;0;8;17;28;15;9.943802422113388;4.294806190244948;-1.587350858732448;Graduate
14;11;1;19;4;5;123.35417622286755;7;4;3;11;1;128.9183113708373;4;12;16;14;2;5;33;5;14.144712229680543;11.858091172275856;-0.6050616674378979;Dropout
16;12;3;8;5;14;196.32142833185986;9;7;9;14;16;126.69763800754497;17;1;13;12;7;18;17;13;4.732341846039848;0.40409526608263313;1.9876938333965395;Graduate
10;12;5;10;18;4;193.91781198397297;12;15;2;13;12;94.17321442295291;14;13;19;2;18;3;38;18;8.483360811133094;10.297239743748749;13.538203773067671;Enrolled
16;18;0;0;12;10;126.83661191506835;7;15;19;0;15;106.16564464941928;17;5;11;1;19;3;34;15;11.477547272516084;-1.331451687750873;5.076241815527743;Graduate
12;18;4;17;13;17;152.7939329906638;3;12;8;10;19;190.87860187520266;19;7;8;2;15;6;38;3;4.590728900860528;8.474698549813029;7.93672073195069;Enrolled
0;13;1;5;3;12;190.05549302220388;3;19;2;2;1;199.8105171760571;12;17;14;8;6;6;32;4;4.628624056240119;13.310747998608992;2.744466101403569;Graduate
1;3;4;1;6;10;90.68022049049864;4;14;5;18;4;175.8572633456567;4;15;11;15;6;15;17;8;1.3730950813470262;1.4785616313153955;-1.2295577778306654;Enrolled
8;12;1;14;7;13;179.1751927371351;0;0;5;17;17;121.54938872508355;0;11;13;12;19;15;43;2;10.616514256542683;13.008232761772366;-0.5439892518303964;Enrolled
2;7;4;13;12;17;194.3206508067811;16;2;11;19;6;134.2689652287952;17;10;17;18;12;4;26;9;8.723915593711132;5.108418530527889;11.053424406317585;Graduate
0;18;2;4;5;18;100.04583077669128;1;5;0;1;10;171.3453800396691;13;5;19;17;2;14;35;16;4.022797990020999;1.3361026633131505;12.869640766396767;Enrolled
15;11;1;5;5;14;107.75924546362131;7;13;15;6;10;196.5364912571518;4;2;5;11;11;3;32;18;3.3867331479747342;12.930164702230627;4.8615131178628985;Dropout
5;17;4;5;2;8;195.6820933048491;6;3;4;7;16;140.10182878023045;5;13;3;11;7;12;30;9;-3.548207136617627;-4.359254664605436;2.1398905491851306;Graduate
16;5;0;17;2;7;149.1294158004381;14;17;8;18;15;181.24746568172122;15;1;11;0;12;18;41;11;-4.86997706343169;-4.439622974543791;11.156702730545248;Dropout
4;17;2;13;12;19;91.5616297918896;4;14;9;14;12;197.25758148585885;11;10;12;19;19;6;18;6;5.577879330636868;6.996592084126657;8.461895501618557;Enrolled
4;18;2;9;1;0;118.33951986398822;1;8;12;9;4;186.08204881616047;19;2;18;7;15;11;40;17;3.349857047031989;10.935014346604685;-4.1825204502873365;Enrolled
5;4;0;13;15;3;139.49380416957456;6;17;14;0;19;114.98647214484596;17;17;12;16;6;8;22;18;10.920735198035285;10.030926148762125;2.0148179776562136;Enrolled
2;8;4;12;5;13;166.21998021272447;7;2;11;5;15;90.88350502631852;1;0;11;19;3;16;44;14;5.853081126142429;-3.4106099329678896;8.643459564720837;Graduate
4;2;3;2;7;1;170.64764159504796;6;9;4;12;15;144.12898759272565;12;0;19;6;11;1;38;6;13.73412086764451;14.005023870671156;6.473596405819544;Enrolled
4;9;0;5;7;15;199.4963664218002;6;16;4;13;15;148.44969148647937;16;11;2;8;16;15;39;11;-1.077184022780029;9.061270752750312;14.561346176924452;Dropout
9;18;4;7;5;2;121.6262319322135;13;6;17;2;13;112.13754010062866;16;14;2;16;0;6;21;6;14.803006807700797;13.982241074554778;12.32230756450581;Dropout
9;2;0;11;13;7;149.20421120553226;17;14;11;10;5;121.31418311414994;15;4;13;9;16;17;28;9;0.9583838862421263;1.5819551794820423;-3.80523188537478;Graduate
18;14;0;12;2;5;148.66559026455656;5;0;2;2;1;174.16684769334017;17;5;17;3;1;6;43;19;7.848479471466119;8.878782559656349;9.515380313447213;Dropout
16;0;1;10;9;15;134.62097853919613;3;10;6;18;13;141.7381984584447;7;15;18;6;5;0;20;9;5.037074272333026;12.198774934669704;1.7265322466095583;Graduate
13;6;4;11;2;15;108.60780832266622;9;16;16;9;15;124.90894919602823;2;11;9;6;11;2;38;4;2.191528024984988;2.6092844630858654;8.641654061718928;Graduate
8;11;3;0;11;6;197.52022195022266;17;4;18;14;19;158.48886300981115;16;11;16;7;10;10;40;17;-2.2138163346910678;14.297198375371401;7.344491721827925;Enrolled
13;16;1;16;16;12;183.86489053332446;11;6;17;10;12;161.8035731573738;17;2;14;7;10;14;20;8;-2.3033169709557666;0.2998558244108196;5.061005182936821;Dropout
0;19;0;15;4;12;144.8166331123661;15;18;0;14;14;174.63353545248825;5;1;18;15;17;2;21;15;9.230116547563906;1.312272520424413;12.0589910867911;Dropout
18;4;5;10;19;4;156.35699649524327;6;14;4;12;11;107.23802253392111;7;6;8;11;7;12;23;6;2.5528276595262263;13.406571532540774;9.173797202863357;Dropout
12;3;0;12;8;19;114.99871589156285;5;2;1;4;8;171.56689775596894;12;1;3;14;6;3;22;9;14.225959482658855;14.393194930054065;12.79110229004013;Enrolled
12;11;0;17;19;17;149.81657774309215;4;14;0;3;17;155.93712313214604;7;6;14;7;13;7;29;4;1.5129697301267608;0.7039149661029942;0.6320749820609866;Graduate
3;19;4;10;6;14;166.44671464336233;2;4;6;12;13;96.33290518330769;18;10;18;8;15;3;20;6;14.670474434959257;-2.272199207142831;1.9625504918920411;Dropout
0;17;4;11;3;17;146.66837312252477;11;11;10;8;19;175.51901910787524;5;10;15;2;11;17;29;4;-0.8915348680947455;10.181108194211951;7.4390269962093765;Dropout
16;16;1;5;12;1;198.93136876434352;14;19;10;16;3;132.13883094665036;14;13;7;15;8;6;20;14;-2.943712275378929;13.593305326008963;14.329288747234717;Dropout
7;18;3;8;12;9;157.24758218724986;9;4;17;1;7;126.34190277626013;9;2;16;14;19;10;26;18;1.2513946704591428;7.014272874037493;2.4316419867436245;Dropout
1;8;1;15;9;12;130.8071083851386;19;2;16;4;7;139.28826667397976;16;13;0;3;15;3;36;9;12.711695788571781;7.690379088124935;-4.354126998650177;Enrolled
7;3;2;3;17;17;174.93672303774218;18;8;1;15;15;128.0792585036742;0;10;6;19;18;12;17;7;5.437038889905693;10.258866683446005;3.9177591084391334;Graduate
6;1;0;2;16;14;108.75087627398062;15;8;6;6;9;127.21141514309;6;3;17;15;15;8;37;8;-2.286997881255839;-1.9383036231718354;5.878591250580463;Dropout
1;3;5;15;19;11;132.29673950768932;10;6;6;0;16;178.8885434470688;12;16;11;9;8;8;24;10;-0.9500190079180992;14.469377929894787;11.019748173990862;Dropout
2;1;0;11;19;14;128.16548454153445;7;1;9;11;0;103.69557798022615;2;15;15;10;12;18;23;1;1.2252132429912654;2.286587694571896;9.572009599932779;Graduate
17;14;0;10;12;12;137.4987804618555;2;15;2;10;17;196.76600746432044;18;2;0;4;4;2;21;2;6.803334756254156;7.564808518845252;14.293253614366723;Enrolled
11;1;1;4;16;17;175.9957808521599;6;8;11;11;9;151.04248088117777;14;9;14;10;18;11;19;12;1.6475787975524137;4.3723204099998565;10.653655211129324;Enrolled
0;3;5;17;3;14;143.25903353797483;6;12;2;18;3;110.12163982634442;4;14;6;12;9;10;31;10;9.941081641786544;4.3636195952969;0.9725687413576534;Enrolled
11;5;5;18;0;10;177.34158952925588;13;18;10;11;0;104.43370312248551;10;7;16;14;6;19;43;9;7.325871123705932;9.054887442394428;7.827606219603393;Enrolled
4;6;5;5;0;18;153.41377934538525;1;19;11;11;3;155.06604853484808;17;17;2;5;8;10;33;14;12.476474747066803;14.89324597744509;8.444823867931046;Dropout
16;9;1;17;14;2;127.62763781233109;9;16;3;13;3;159.6299388231621;2;2;10;15;13;16;39;5;5.019236527187285;8.18119700991903;14.960410296410458;Graduate
15;18;0;5;12;6;179.09766180518199;18;5;15;1;3;95.83283481327919;5;6;5;14;14;13;29;0;1.623528282021356;10.881182631454704;-2.2252417754644482;Graduate
14;18;1;3;16;13;116.21186376084007;8;3;19;1;16;116.73021055416643;2;9;5;10;12;15;31;13;14.925431356064081;-4.447678854754598;-1.1734899461908643;Graduate
14;11;4;11;7;13;114.6821277779775;15;0;17;3;8;177.5008113343614;4;19;14;19;9;9;43;17;2.112666436147115;11.208547381296366;-1.889727119826221;Enrolled
4;2;4;18;17;12;145.49532164603193;18;17;3;19;18;95.4587090517878;8;8;6;1;13;3;35;10;3.57205279561024;0.999517635365943;6.781202283319276;Enrolled
13;12;1;1;12;11;118.69341705582978;17;18;5;15;12;184.05975302966397;18;13;10;1;11;9;36;7;11.182544507161765;-2.4659630993067028;-2.293978555319598;Graduate
1;17;5;16;13;8;90.9995738446338;8;8;14;9;3;162.39787241789668;12;13;16;11;18;19;30;2;-3.227275322138148;-2.733318291045883;8.120154178090711;Dropout
10;7;0;10;7;0;161.31272800286817;15;12;0;12;4;137.78655852995252;5;10;17;15;5;11;37;13;2.7298021211702928;8.597496283392534;11.075481017284375;Enrolled
18;14;1;10;7;18;146.2203203619638;12;7;2;1;12;128.10761338680075;10;0;18;18;11;8;29;1;-3.285798131234321;14.952336720810997;3.655858484137209;Dropout
6;0;1;15;14;10;139.00695959424775;9;12;4;2;15;92.11738602337833;13;3;7;1;12;14;28;15;-2.213882666544842;8.323901967457994;6.213701637789285;Graduate
5;2;1;1;12;18;196.36653660801468;19;14;16;18;4;180.77364403270275;5;5;19;16;7;8;40;5;-4.907183490039861;0.24696300133551397;13.254441665825816;Enrolled
1;7;2;1;6;17;152.8319102359205;13;10;13;5;7;105.69940393653918;5;4;7;13;15;6;39;0;-4.809114148352496;-0.9338805799412064;6.391318351550023;Dropout
5;3;4;7;4;11;184.9774735568323;11;11;8;18;15;124.04961910482969;16;2;10;15;1;11;25;13;2.605757790057039;5.519141985360815;-0.8278889593026513;Enrolled
17;15;5;12;16;0;105.33952598256762;18;13;2;19;0;152.6017678399084;10;1;2;4;6;19;43;9;11.183276098955524;-3.699214012985934;1.8638759688672373;Graduate
1;9;3;9;15;18;152.61271094423705;6;3;12;18;5;117.05918600783797;14;2;13;9;11;13;19;5;6.740087211833863;2.9866166585437437;5.596916066789371;Graduate
17;11;5;7;1;19;185.47775894039933;14;0;2;7;10;144.68545101274213;8;8;8;16;6;15;27;8;7.698280882752869;8.324698080115748;-1.9020462902083013;Graduate
14;13;3;3;17;16;154.14163330078878;15;3;10;13;15;179.02771116125726;16;18;0;12;18;18;26;6;5.384984751697729;14.353245516169682;7.250396707137385;Dropout
18;13;2;14;16;4;168.98155959397016;7;18;1;9;4;141.75917282693024;6;18;0;15;13;2;17;1;11.395862883411173;3.513068956312104;14.984921837680513;Enrolled
1;1;1;0;6;2;130.92479245934283;9;8;14;2;15;194.38750785315557;6;16;11;8;8;10;33;10;12.607574503723484;-0.995521191853868;8.05069929881929;Enrolled
19;4;2;10;12;1;100.16944687407732;3;9;12;5;6;183.2250682413976;0;17;10;3;17;19;44;13;11.994814562907507;11.347248067455688;2.4482228802888244;Enrolled
5;4;2;6;17;2;140.36903246397787;18;3;18;14;18;126.63431588997335;7;10;0;15;10;18;42;4;11.242642116060779;9.883990497212329;1.6349298336212499;Graduate
0;5;0;16;13;7;133.39273299227432;18;19;15;17;0;133.99583370423315;4;11;19;10;15;7;29;8;-1.3457385287343238;12.194077764094878;13.632066452145505;Dropout
14;12;4;19;17;15;185.3766200616842;14;8;17;13;8;136.565939972478;18;2;11;6;18;19;30;6;6.877524507304422;-0.7056254491421576;12.430285811573118;Graduate
9;8;3;17;12;5;116.83948325877195;13;12;6;18;17;158.8797398216966;7;17;16;16;10;7;17;13;6.643263921967403;3.096643916996701;4.447172403975346;Graduate
18;14;1;11;10;12;196.34076502886188;0;11;12;9;12;121.54753021073938;16;5;14;12;17;2;18;15;5.558880074952821;14.631088754460752;2.068291290005684;Dropout
16;13;3;8;15;15;195.3951931784946;15;10;3;14;14;196.61740527047596;18;6;1;3;10;9;18;15;4.616255785935319;-1.8391536044725298;9.20928567192905;Graduate
4;6;5;4;16;15;117.23948073785826;9;11;8;3;2;156.9552642663851;11;0;17;13;3;12;23;6;-3.21659045627233;8.429016383108756;1.2900495110856554;Graduate
3;19;3;9;7;2;128.28571510250526;18;17;9;1;9;133.9341824615247;14;5;15;9;17;8;25;9;-2.956735321875561;-0.2563107690547195;-2.611935354949191;Enrolled
9;1;5;3;18;12;188.51113149612735;2;11;8;2;8;160.9510797040724;3;17;3;9;18;5;40;5;13.045631408812469;5.003180125650886;1.2030442460305268;Dropout
16;6;4;4;19;13;196.3284442985718;4;15;6;6;12;133.49455115826785;11;12;7;9;12;14;20;16;7.603728782423973;11.010192915913759;3.6859196423440377;Dropout
9;5;5;9;14;7;138.77830131196484;8;4;14;15;15;179.9575249077361;12;18;1;11;3;15;18;0;0.24634428996012758;4.77172105111638;0.10822751965416266;Enrolled
16;16;3;10;8;11;125.30967502049876;17;19;7;9;2;152.46250566068935;13;6;13;1;9;4;35;1;0.5860077842691247;11.109633866238202;-0.6637254832455408;Dropout
19;1;3;9;19;7;147.8703414576696;10;11;18;18;14;94.61675537466738;4;18;14;8;4;12;42;13;7.203896632972601;3.5266981088069187;-4.877196746706045;Enrolled
4;2;5;7;9;8;165.6546127002308;15;10;10;16;16;109.44325541658068;15;8;8;4;2;18;21;3;3.1386994927132417;14.987058597400658;7.616855628080932;Graduate
1;4;2;1;11;0;120.08219669124777;1;8;4;18;13;185.1493370332488;6;2;1;7;15;1;25;8;3.8264834197018907;3.7165646844042026;7.288978846322378;Dropout
5;4;4;7;19;5;171.012049208098;11;17;1;4;6;151.9189808992469;14;11;16;13;7;5;40;5;-3.7870001893316196;-2.0124104272434717;-1.2394952445854357;Dropout
1;0;0;15;0;18;95.68230928261052;5;2;9;19;19;194.53778241652955;12;19;9;6;6;0;29;16;-2.225216257805105;3.0373903129849786;13.873001436223685;Graduate
12;7;1;4;19;10;95.4223942040858;10;19;15;12;15;97.96645441467533;15;17;8;6;18;14;28;10;2.8670085312732514;9.851863692844603;3.191418036095161;Graduate
10;11;3;2;8;10;132.49164756601;7;16;12;12;7;122.47866930945713;11;7;1;8;13;14;35;3;8.993728398695369;11.958755155172572;-4.4904113284738685;Dropout
10;3;1;11;14;12;128.88205112667927;11;13;7;10;3;111.28977105635299;6;8;18;2;14;13;25;8;-4.0394922480017375;4.202065983525248;-0.6045616547031285;Dropout
15;12;0;12;0;10;124.71965369038675;1;0;8;10;19;150.922432145161;15;12;16;13;16;6;26;15;1.6911558566216645;6.889536821168793;8.841349685423893;Dropout
10;14;1;12;11;17;144.0121738935801;8;16;10;15;14;132.10721141879003;12;7;10;16;0;4;35;2;8.901439038690317;11.897801356525804;-0.9676020237880945;Enrolled
18;10;0;9;2;14;125.28069405427283;14;7;10;14;4;107.30008874840325;2;9;16;17;5;19;26;3;10.841015809005825;11.270923599966395;-3.9217508224788777;Dropout
14;9;5;3;10;0;111.14837103149011;1;4;15;16;12;160.70271053555015;14;16;9;11;14;15;28;2;-1.1955859180937334;8.154478107222655;7.354124427893458;Dropout
15;2;2;8;1;6;124.0416503997461;0;4;9;17;5;148.99282023769052;2;6;17;13;11;16;30;12;9.629742637869143;11.3005420850171;5.36709581188366;Graduate
10;13;3;1;15;12;197.23947000912585;9;8;11;18;4;120.22098764259312;6;16;5;12;19;10;24;18;14.108233881580588;6.518215167372741;10.225316721969069;Graduate
15;15;0;18;8;11;135.22247586943334;1;2;5;3;16;142.77484935606157;17;17;15;13;1;14;32;0;13.136243001928968;-4.907036621494387;10.452627770882835;Enrolled
7;9;1;0;14;17;138.91840545441693;11;18;11;4;6;172.03121465453086;13;1;17;8;4;19;33;5;10.787521547550178;-4.174664311955536;14.198705075754575;Graduate
3;9;3;6;11;18;153.4199488946254;7;8;9;6;5;112.57988420057244;17;2;19;18;8;15;36;2;9.246533720826765;14.59616798476366;-3.859649119629225;Dropout
7;11;2;16;0;14;198.16748452556493;4;17;17;1;1;122.2196321371902;18;18;17;1;19;2;20;2;-0.29723383960459415;-2.1001591599458957;-4.220211603635433;Dropout
3;8;5;2;12;7;116.57614040793393;0;15;17;0;10;128.07220858035265;13;0;0;10;13;5;22;15;7.6780645409622466;3.0903281764692547;14.743940960553214;Enrolled
2;0;3;19;13;18;164.94103215856774;14;0;3;11;6;172.13990809211347;19;9;2;16;17;12;28;9;7.865479876205919;13.676225500199358;7.896957553939076;Graduate
2;4;0;19;7;9;168.75831628958966;5;1;8;9;7;183.16148595059977;5;13;14;1;7;0;44;16;3.136426641853758;-1.0992103053390112;9.307410793351426;Graduate
17;19;2;2;7;6;156.80568584723727;11;13;6;7;4;131.4027346085772;7;12;19;18;1;13;34;6;4.860309234018752;11.875826889330014;-3.070359605296631;Graduate
18;7;1;2;11;17;99.74361736003085;7;13;17;0;17;122.628294801731;6;8;9;6;8;1;23;12;8.880569763494135;11.36535136319181;-3.6037461830332607;Enrolled
18;10;2;16;0;15;164.45595034103343;12;0;7;11;15;187.8391434186845;19;5;4;17;6;1;21;10;14.042030714208444;14.726593091026793;-1.7949281212845802;Graduate
4;11;2;6;10;19;97.0504182139793;18;15;10;1;13;199.93014254119464;17;5;14;12;17;14;26;9;0.9061241688206323;0.6336366729633669;3.5439120559493915;Graduate
17;0;4;13;7;5;155.57569145048865;0;14;6;9;11;163.7389003627979;17;18;13;4;15;17;22;6;-0.07273696085120918;1.3065071076029184;-2.796476345340486;Graduate
9;19;2;16;9;8;171.3539294943917;10;14;8;16;16;198.8978676488099;14;9;14;17;4;8;43;5;7.036137845977432;13.05756002115573;3.926674808816559;Dropout
5;10;2;17;18;12;113.20668796819454;19;11;7;2;4;162.59629055821011;19;2;9;15;14;2;30;0;-2.3840177711728017;-0.31841881595440924;6.230718062026735;Enrolled
0;4;3;12;10;7;182.57842082970515;0;15;2;6;13;170.68062992086072;18;17;8;14;4;3;22;16;6.650656609756279;5.958019139742181;-4.9933406422978415;Dropout
4;14;1;19;6;15;93.33891860863046;7;13;16;11;5;132.7521601697865;1;18;11;7;10;14;30;11;-3.2229702985713837;9.146899183821125;-2.7150873841604506;Enrolled
8;4;3;19;10;12;182.81941500241368;4;14;1;7;14;137.62643016989588;7;4;6;14;13;4;28;3;4.8116775920901755;0.4376849052577132;2.5039038353575744;Graduate
11;11;3;17;16;12;140.63619557070416;16;14;14;19;6;105.85492303883346;10;10;4;0;18;19;43;2;7.408287494270674;13.768258908895177;-3.933404146063997;Dropout
13;4;0;3;0;16;113.9346733924809;7;18;13;11;13;180.50250162416356;17;9;9;16;2;19;38;5;-3.5978072145431628;8.313950961478406;-2.3294205337571983;Graduate
1;16;3;0;7;19;104.71559594933647;9;7;17;2;17;192.416493397592;12;16;7;14;9;4;42;15;-0.8609369610274147;-4.057213834603499;-0.36407219088091125;Graduate
16;16;4;17;5;4;194.86378843406098;1;1;15;16;0;158.57819470635232;8;3;19;13;5;9;28;12;1.7074856975904984;-2.2852493747817215;3.5920282833529384;Enrolled
13;11;4;0;17;16;97.99321463392724;8;1;19;8;5;127.80120392899383;8;17;15;13;2;15;24;8;2.3719739037231786;-1.184368598168728;9.296743958734183;Graduate
12;14;0;12;5;8;111.90027619295182;2;9;3;9;2;106.94179579118028;16;17;11;9;1;11;26;10;8.522092865083168;-0.1008527201310061;-2.346227763483082;Dropout
8;14;5;19;4;1;128.26045821763506;17;2;19;5;4;119.16718526758464;6;0;8;1;12;13;32;19;5.580426811190481;9.613547400588729;9.759171438186645;Enrolled
14;5;1;19;12;17;158.22583338572326;6;16;5;0;11;118.09514629370275;8;13;9;5;17;10;36;12;2.6421694061065377;-3.221295104890638;12.101214594344416;Enrolled
14;11;1;9;18;8;149.92811938037082;14;7;5;11;10;157.48806725799304;0;7;15;16;1;18;42;18;4.013525086833001;2.0118934455226896;8.029575337704667;Dropout
10;19;3;10;7;5;103.82078416535454;19;3;10;4;12;193.9541211899965;1;1;9;4;14;5;24;2;-4.740466586995216;13.227666466560034;-4.125486091444044;Graduate
15;17;3;8;8;10;121.8700782112036;17;13;16;12;15;95.30990756537796;3;18;8;4;4;9;25;11;10.4105055861526;6.133353726740081;3.8130737385488267;Graduate
16;13;5;8;16;5;116.26269481946265;2;9;2;14;17;90.11245295538927;13;14;2;14;14;19;29;18;-4.17990622610435;0.30993127677071364;8.201320032669997;Graduate
3;1;3;4;2;5;113.48971399393756;13;0;12;10;16;156.0200138745758;3;1;18;14;16;2;36;7;11.586349858451321;14.141125929606197;14.570262692146247;Graduate
0;8;1;0;18;12;135.22587701279858;1;3;2;7;16;121.24665082876868;1;3;10;19;1;14;33;13;5.819930428294601;-0.11368216062635206;14.03616776138485;Graduate
7;4;2;16;10;10;167.44345978508227;13;0;15;4;10;186.86031765728526;7;0;5;10;17;10;35;8;5.556383824490341;13.101992425352854;2.9140630887983754;Enrolled
16;19;4;1;16;13;113.91982254389595;10;16;14;1;19;125.99753386963987;17;18;5;4;14;1;33;16;9.091572555463987;9.515393472291112;7.318621444501851;Enrolled
2;0;2;12;18;1;130.33467676732795;15;16;10;11;9;121.87113605817783;18;9;14;0;19;5;23;5;12.191190653069306;9.810420739175722;12.816302947231701;Dropout
19;2;2;8;1;7;133.00091695252786;7;6;17;1;15;119.6461683340127;13;0;14;10;2;16;44;3;13.852922929593284;10.298786368032323;11.620924947523928;Graduate
14;5;1;3;7;2;197.41021823789512;6;19;14;15;1;105.93381099950685;19;19;12;10;4;17;17;3;5.867397744879696;5.131386241144185;4.588436682254995;Graduate
14;4;2;4;18;2;195.01329925669756;10;14;4;2;16;153.96835217048215;9;14;4;5;10;3;43;18;-1.9868353602216349;11.291574520053377;0.22482661783246805;Graduate
13;4;5;10;6;0;178.01513410272835;2;12;15;9;19;108.5034962567631;16;3;13;7;8;8;36;11;12.572618523460143;11.723861955049806;-2.2580010640233406;Dropout
13;0;0;18;16;18;116.58248129011037;16;1;15;18;9;136.709427576932;7;6;1;1;4;9;30;1;-4.186559632597701;2.209734433522341;4.759603101665185;Graduate
1;16;3;2;5;17;97.48410455008367;13;18;16;7;12;140.70692574812136;13;6;11;14;0;1;33;16;11.146743414396163;3.0068903643275053;9.456917506865782;Enrolled
12;18;0;11;18;16;124.85945514926873;5;12;8;6;11;92.25412515657719;7;17;19;8;13;10;29;14;8.608432528512962;12.775134370780517;14.395394264325319;Graduate
13;13;4;18;5;19;119.34740043772139;7;10;2;0;14;91.84880078032567;4;12;13;14;4;10;18;9;13.094552148458924;5.494585208590486;12.236298096461777;Dropout
18;11;3;18;1;12;145.65183801610334;4;14;19;11;6;147.22339576325123;15;9;18;7;7;10;43;2;12.949263004948936;12.338869918837382;-0.9151808950367668;Enrolled
6;9;2;12;5;2;175.55007010745726;7;9;12;4;12;166.56382054520455;7;7;19;15;13;0;30;19;-3.9369182912584066;7.535389235156147;9.395562536449397;Enrolled
2;19;4;6;4;0;184.41552327667438;1;8;2;15;11;193.6356730508445;9;9;14;13;15;13;17;3;7.188928143513442;6.871355134980847;0.7820250771686084;Enrolled
14;17;3;14;18;3;182.93504939515594;14;8;6;3;11;109.70312125726505;7;13;19;14;5;0;21;0;-2.5065708966359646;-4.380380934442762;8.66945188867193;Graduate
13;10;5;6;19;12;129.56431173453745;11;19;5;16;1;101.35846903796909;8;13;16;19;7;8;23;0;-3.4306277651189054;0.5578879568149953;8.316109209215451;Dropout
10;1;5;7;3;16;165.59577778067512;16;0;8;1;4;95.7296697619866;17;19;13;12;1;0;35;17;3.965542916614611;5.041152938046363;0.44861205851082886;Dropout
14;17;5;4;16;10;124.41176172766421;0;16;11;11;1;137.96457412042452;2;10;17;8;18;3;30;3;-3.048049203025187;6.746343442694018;-0.31222759565427083;Graduate
12;6;5;13;10;1;96.6996097558701;14;11;14;0;19;158.54621040695525;16;5;4;0;8;0;40;14;9.558047662251855;7.608690580014683;-2.921244748221483;Dropout
17;14;2;3;3;15;167.17217921632366;13;9;19;11;12;182.46086924263906;19;0;11;5;4;18;30;9;14.378814210151994;9.32445650023234;-3.989207263907466;Enrolled
5;10;0;9;12;1;91.08103078267666;19;4;2;11;2;165.09093705224444;14;18;9;7;4;9;31;16;6.391659155661856;8.124668645872637;12.16902117712942;Enrolled
2;17;3;19;19;18;135.01008462043376;15;17;9;11;10;112.91968679823431;16;6;7;19;18;14;21;11;-0.29662260876626867;11.971534147916007;-4.003012107299167;Dropout
18;11;2;14;16;18;126.23171962322833;8;14;0;18;15;140.7947403035907;7;17;5;17;3;19;21;19;11.864127830507908;0.9094068577502679;-3.225176669497718;Dropout
14;5;5;17;8;15;166.27152923707376;0;5;18;16;0;190.13809809395207;1;2;14;17;15;3;37;11;12.06206749860052;7.831399713317849;-0.222959292636002;Graduate
4;19;0;19;3;18;174.28700200364167;16;6;18;19;18;125.94151687251083;16;19;11;16;15;19;40;15;9.655719447287886;-3.976809716074574;12.753166569245522;Graduate
9;12;4;12;13;8;123.45040995684121;12;16;12;10;10;144.86034016011246;17;10;5;15;15;13;18;4;7.302643696267017;4.6038015464405575;1.658807208443827;Graduate
6;19;4;7;18;0;179.27897158893387;4;5;11;12;8;195.44218681080665;4;4;11;12;6;4;34;15;12.355849095034479;0.3606593190378504;-1.1640088508681568;Graduate
16;15;4;8;2;9;122.33084365554271;9;7;0;7;13;170.81788061310675;8;18;14;3;17;14;44;16;-1.7341663600488189;2.617742965893921;9.311109915901902;Graduate
6;17;5;15;13;18;139.09589959852173;5;11;18;9;8;172.2514424205861;8;1;11;3;0;14;40;14;13.632002526880896;2.0932550352991814;1.381395097373714;Graduate
11;9;4;18;7;0;169.97203797155473;18;13;15;7;6;117.75674048545504;1;3;8;13;2;15;25;12;13.944062984211364;-3.7913864569472455;1.6673327615239248;Enrolled
16;7;1;15;0;1;166.22122521472676;12;11;14;19;15;135.6167930135641;1;9;18;4;7;15;43;7;12.439847479942667;4.332916015027511;9.77953191877072;Dropout
12;17;3;6;9;15;198.610531954342;0;9;15;7;2;99.05763794063938;18;1;1;15;0;3;44;1;0.013240694229342154;14.892585759831068;0.03305631216611715;Graduate
19;0;3;13;17;11;114.7677126637525;19;19;10;8;18;156.7178453755587;2;7;12;13;6;8;26;7;12.163567726212584;0.9787211367296722;12.93520095411251;Enrolled
3;7;5;13;15;7;162.85497048935406;14;14;5;6;3;101.41031809967436;16;0;12;13;6;0;42;9;4.9527642367538345;9.722919433365014;6.228433559966906;Dropout
9;5;1;3;7;17;157.0650099103355;13;6;10;13;6;181.95005404265504;13;5;7;13;7;4;34;6;6.898604748016506;5.955766698408713;5.75663422344828;Dropout
2;4;2;14;0;1;190.6608299939033;7;8;2;1;11;179.60091657219965;13;10;12;13;18;8;20;9;11.812012450082904;1.5045060106294734;0.29504470132419236;Dropout
8;14;2;2;11;12;107.19983558093625;9;9;14;10;17;148.69656112345405;13;9;3;18;16;19;24;3;-4.40834310909525;-3.2078587921515767;11.701886802598512;Graduate
12;14;4;4;7;5;172.69779799456262;8;9;0;7;4;105.52826365167327;5;12;5;2;10;4;34;10;2.2588518435129146;-0.6828419846957523;6.454991017430027;Graduate
17;1;0;0;15;5;152.50954778956452;16;15;6;12;9;92.8136881514685;2;0;5;16;14;3;36;8;11.313867544889312;10.637070789804879;-1.889669041895481;Graduate
14;0;2;2;17;8;120.2132456766696;8;6;0;14;11;177.63795342968297;0;1;11;13;8;15;42;3;11.279095676034462;0.5804035483729075;-0.8740352551047481;Dropout
3;10;0;14;3;15;142.18784055618914;2;4;16;2;7;156.01545315347695;15;2;11;9;16;1;33;2;11.973758537658657;-2.1139503517629366;4.365118176412873;Dropout
14;9;3;7;5;10;126.71542567767776;10;2;8;13;18;168.20226004226717;3;8;16;12;10;15;32;10;-1.6156819972101744;1.6259668092134616;10.592836448327771;Enrolled
1;17;0;3;11;6;153.7244743067307;11;17;12;14;14;123.41878383100044;0;4;6;3;5;17;34;2;9.1177323645592;6.680859044553804;13.785905472339202;Enrolled
14;17;3;1;8;9;187.79006718961324;9;10;10;1;0;146.0431011628306;16;9;14;10;8;1;23;17;-2.0699331898916284;9.069263285799982;8.269972607538936;Enrolled
7;16;1;9;14;9;152.62354828534222;16;14;19;18;2;172.18915875936153;17;9;16;14;17;15;17;18;10.701960179020507;2.747296739391601;5.122864991165963;Enrolled
7;7;1;3;15;19;159.48946601592425;16;19;5;11;17;140.88196391451794;7;11;9;14;19;0;44;13;-0.09747991090985053;4.96294314156698;0.014639550240493904;Dropout
16;14;5;2;11;17;147.06226318261804;10;4;0;19;17;156.1522645045604;1;17;19;1;1;15;17;10;9.75635455173892;4.0983338406692305;8.457359209114992;Graduate
11;7;5;1;13;19;95.62820570900234;3;11;6;3;1;176.87010879887583;17;0;5;10;3;2;34;1;4.10003237055945;-4.819933001531462;14.644795117070146;Graduate
18;16;4;16;12;8;115.61444125637037;6;3;11;2;4;113.67427097930167;15;2;8;1;17;14;20;1;14.725269291055447;2.9120094971169657;4.5244495107847005;Graduate
9;11;2;19;1;14;144.1201902375291;13;14;19;4;0;97.25217782932306;9;4;14;4;0;10;39;1;6.597876614985619;6.746396203441641;-1.757162422202092;Graduate
8;7;4;12;2;3;124.12588121191752;6;8;18;2;9;148.50058618918857;7;16;15;12;10;9;36;9;7.651587284405723;6.398894328315221;-2.9331883709164286;Enrolled
4;13;3;4;9;7;109.99399575373137;7;6;16;14;19;96.83383477921053;11;7;7;0;2;16;37;14;2.363270277025748;9.995351166684936;0.3851236519796286;Dropout
5;3;4;8;8;8;145.4546126110282;0;9;3;18;9;174.32130238034284;15;16;15;6;7;3;36;11;9.690403156948662;8.407518208706774;6.38884038042487;Graduate
19;0;0;5;19;12;125.50907727926354;3;12;2;1;4;169.11325923971674;11;8;4;6;4;16;20;10;4.8977128220967;0.5361359423230745;13.936106021826578;Dropout
1;0;3;4;7;8;118.39184074907561;11;7;0;11;17;186.98839386118266;10;5;17;9;19;3;41;16;-4.6386672980827175;0.11287343117925275;0.9833016612829333;Enrolled
12;18;5;9;9;3;141.0383959184419;2;11;17;4;14;160.35183078373566;19;16;19;5;4;18;22;17;7.171631957512902;4.282835961268683;1.1078234274320886;Enrolled
5;15;1;7;18;16;104.66126838903905;12;18;14;16;19;97.39173278276111;18;7;13;19;10;0;44;13;11.60919180858723;9.659393354433096;4.623593182243848;Graduate
4;13;5;6;2;15;192.0520306382948;19;0;7;13;7;117.84673380385792;0;6;1;11;11;13;19;16;-0.2639645987909862;-3.1234538684807123;13.370846701983776;Graduate
0;15;2;6;4;14;185.4472307711163;5;15;0;9;16;178.8725029018991;2;6;2;12;8;10;22;14;-0.5787248982963078;13.966531660723248;3.3811010117817837;Enrolled
5;4;3;5;2;2;167.83826443145887;10;16;19;2;11;108.38456590449465;11;14;13;10;12;6;29;11;7.177723662385409;5.863062474128633;-0.5354121627813369;Enrolled
5;8;3;19;15;19;101.68352103473018;3;17;13;3;11;166.8328514596376;8;6;6;17;19;16;39;15;11.359585528509879;1.1281678986700143;-1.737381700364573;Dropout
15;1;0;2;16;4;175.34649799166624;19;10;3;5;0;175.8285264012526;4;7;14;1;2;3;23;5;-0.007593243128482641;8.86782461762852;4.140307385449633;Enrolled
3;17;2;18;14;4;178.8753060919921;15;17;4;15;3;126.31229776407653;0;8;16;15;12;9;40;1;13.645253024860782;-4.105483675137965;11.01354871460299;Dropout
10;5;1;14;2;19;174.45410794857713;6;6;12;6;7;125.45272207431994;9;14;0;1;10;16;20;1;13.547747133630981;4.687938315661258;0.8270480944877923;Enrolled
8;8;3;3;11;14;102.53624758311653;10;17;14;14;0;151.35829493300616;16;1;8;18;10;3;17;15;-0.9892665618413332;4.71939294927618;5.2504527846128575;Dropout
2;0;3;11;8;17;160.8298752774541;0;7;5;19;14;184.74149660302402;3;6;13;5;19;18;22;1;0.2756882411363133;-1.7604943018129937;7.060165448450981;Enrolled
18;8;0;5;11;14;181.77572753243385;6;5;0;10;17;114.62968221048285;14;14;15;0;6;17;40;7;9.011976218963229;11.747756318837663;4.009408233157947;Enrolled
7;15;4;18;14;1;153.50887413416345;11;6;18;0;0;193.5384015646643;18;17;12;10;16;16;21;6;14.034662180488521;10.936242373605083;-1.1661951729342124;Dropout
4;12;1;3;1;12;161.1048112750898;6;9;12;4;10;155.90305533021188;7;17;5;17;15;5;29;0;9.197653775526293;-1.9453521109258198;13.434913558697108;Dropout
3;8;5;14;17;3;140.41998273689367;6;10;5;12;1;199.13391184875036;14;9;0;9;13;6;35;3;3.89800099641076;2.27654587126755;6.30898470468968;Graduate
5;12;2;8;19;9;148.1578051872458;9;12;14;13;0;99.85750963948549;6;17;3;17;0;5;20;10;-1.6199730714699379;-2.9914088673822414;9.582687678277711;Graduate
1;8;3;4;11;12;93.78145441868978;15;8;15;8;11;103.9218350157435;14;0;2;0;10;11;40;19;4.220196976792423;11.972175136783935;7.720860108758657;Enrolled
19;10;3;12;3;9;160.2859324170613;7;6;15;16;15;180.9305984084831;7;6;16;18;12;8;22;6;7.135355839411089;1.4664020749728168;14.960960434551474;Enrolled
10;3;5;17;15;8;98.95919341802751;8;8;9;14;9;185.1231485164234;9;2;1;15;0;17;29;17;1.6190383791330065;3.7863261571530558;4.12620268877312;Dropout
3;1;1;4;15;7;137.85160537742456;8;12;8;6;17;139.00045572080273;17;13;18;6;1;1;21;3;5.205156424001796;1.4774390004113291;3.499447465981868;Enrolled
14;5;4;15;0;2;122.19206074341486;1;2;8;11;14;168.54782937565685;3;11;19;14;8;16;29;16;-2.3957174334258813;1.2005203292990192;2.2027973218001247;Graduate
5;13;3;18;1;15;149.99707452328843;12;2;16;5;16;185.43130161900922;14;13;7;0;12;0;41;10;4.043762090251729;9.946045074971781;2.2325691868052537;Dropout
16;3;1;13;2;13;104.67579690755278;12;0;16;15;9;94.74405670407116;10;3;14;8;4;8;26;10;-3.18448362140892;9.951324683596463;0.5154042143447342;Enrolled
5;5;5;15;19;8;166.080774217065;3;19;16;4;2;153.13454652925844;2;12;5;1;8;5;19;19;-4.018225001020188;5.35576340961139;14.61260250293094;Dropout
18;18;0;14;16;10;177.45126906213176;11;1;11;8;15;183.88287331791383;14;15;19;16;12;1;39;10;12.144798311986545;8.152338986526287;12.415640686038238;Graduate
1;5;4;3;19;2;107.96898947174722;16;2;12;13;5;133.79704390432525;2;15;1;9;4;5;41;14;-0.8983683170785017;5.2332639471591325;1.3334600991443235;Graduate
14;1;2;6;0;4;101.47443960870703;1;14;11;7;2;123.26219667236695;14;4;14;5;14;8;43;13;6.503106582558667;-4.428215801205699;1.1045808929967116;Graduate
10;17;3;15;19;9;106.0067031066095;12;5;13;13;8;177.52773536043213;5;19;19;4;6;2;29;16;-2.0203448318001516;-3.6798713374013503;-2.929320256298904;Enrolled
7;12;1;7;5;12;186.4840318088352;17;12;9;11;10;126.93652418531198;0;5;11;7;13;15;43;1;0.25055141818582705;2.674811390256626;12.540617210189858;Enrolled
18;8;0;16;14;3;148.10081879319918;14;0;18;9;12;90.34917280029535;13;5;2;7;15;14;28;17;2.226788395389687;9.994927172567884;2.4353210165321215;Enrolled
12;18;2;15;13;12;141.3987095608253;7;19;1;19;17;195.55298463919723;15;17;9;4;5;11;20;15;-2.1264712729045954;13.264524562686898;6.452307842902556;Enrolled
11;12;1;9;19;11;101.73830010125897;14;18;3;19;3;155.13355599861205;0;5;13;11;1;7;26;11;-4.080754059777794;-4.405833893064948;13.007554577618624;Enrolled
4;10;1;9;14;4;161.4511607432658;0;0;18;12;7;180.14697105810782;16;6;13;6;15;5;42;9;12.543196040360222;2.36060105373614;3.1620129694841133;Enrolled
5;0;2;1;13;9;185.47995510845988;19;1;6;18;12;180.78317185769862;7;15;2;12;18;2;19;15;-4.763343282404557;-0.5243512776717818;11.137360868456835;Graduate
3;6;0;8;4;8;181.10044562557982;9;14;14;14;9;97.30514624100061;17;8;0;12;4;3;33;2;-3.7735803432986437;11.304105623309237;3.605712524975143;Graduate
18;14;5;16;5;19;158.86601798788814;11;13;14;7;1;108.79462193251112;15;12;19;16;3;9;25;7;11.10144321656205;11.91936289309282;9.018818780355053;Enrolled
19;0;0;10;16;6;98.2806588316841;4;18;5;9;7;124.2232748835612;5;11;0;3;13;13;17;1;0.6401667354611202;-0.8718226461620944;3.623688143843623;Graduate
0;11;4;9;10;1;102.36367298936142;8;10;2;2;5;125.27692135454552;9;18;1;17;5;14;34;0;9.456406022293946;9.216545068697444;2.8551826910938516;Dropout
19;6;3;16;15;6;95.42398858208071;7;14;5;2;15;162.46647294490043;9;0;18;9;7;6;25;13;-2.075485015641725;9.635120746028571;14.814184791238162;Enrolled
16;14;2;3;11;7;118.32271381417162;15;5;15;4;17;158.54462128279533;4;7;9;2;2;6;37;3;-0.2543650280656129;-1.4588460643485934;7.2469968400715;Dropout
11;18;5;15;14;6;104.92276138764156;13;19;1;15;16;144.40487558107952;11;3;3;11;3;7;36;3;6.455530331939869;3.6739183401647146;2.347823632459585;Enrolled
14;0;2;19;3;13;118.60528442776773;12;8;6;16;5;113.23901055396448;19;18;3;0;0;9;41;8;14.77271676978567;7.406756108875992;0.156389541736357;Enrolled
0;16;2;14;17;18;132.3563861290858;12;4;10;5;12;132.01818166593338;16;4;12;10;1;18;25;2;-3.5311105968155365;-4.478667861348022;-4.204672595407672;Graduate
13;16;0;4;2;4;193.72810624782494;4;19;6;19;13;149.79533653116863;13;16;8;17;12;18;18;4;3.0110919596366443;3.0918366609176555;9.13132680497454;Dropout
5;2;3;5;7;17;157.14136657598613;15;1;3;19;9;141.47839027143363;13;2;6;12;8;1;35;0;-4.138380599881504;-1.9008353410475864;2.4431485639052397;Graduate
4;11;4;16;2;19;181.84711642512588;10;5;19;15;10;104.00217864045862;2;18;15;16;11;14;44;18;-1.0154711468805022;5.837930022417746;11.425083275575297;Enrolled
10;5;1;0;7;11;168.13866507835655;4;17;6;1;12;161.4461542852116;11;0;17;7;9;0;32;0;13.14942053677009;11.858351669219093;2.2773692124463736;Dropout
3;10;1;18;17;16;102.37534435792949;12;18;3;19;11;98.03569544917266;19;0;2;19;9;9;19;9;-3.070797924204607;5.4950787725207455;2.466583848500605;Enrolled
12;2;2;3;9;12;170.95124470113439;10;8;11;14;8;131.60141513891884;17;19;19;18;17;5;32;11;12.137118427512672;-4.28032807582632;10.583620128135124;Graduate
10;7;3;16;19;1;120.26087697150369;18;5;4;17;3;168.10322824427521;11;8;19;16;11;12;37;9;-1.443935237798375;-4.406855088064177;4.7893331350530755;Enrolled
2;13;5;8;16;12;160.3018631694177;2;13;18;0;6;92.20258879716772;1;4;9;1;15;9;29;1;12.235696930754077;7.110062918082987;12.697895412027858;Enrolled
0;13;0;1;7;6;127.50581710072873;14;12;4;18;1;152.69811009498477;1;6;15;2;5;11;19;15;5.760439262713504;1.55963117051225;6.80271513409104;Graduate
5;9;3;7;10;9;199.74394895911252;6;10;18;11;6;126.7973071557627;16;5;2;2;9;5;26;7;12.564133484536871;6.453330069437852;-0.18710372971247047;Enrolled
17;1;3;14;4;5;118.99066274464556;6;11;2;7;8;90.97150277650078;9;16;10;5;14;5;38;13;-1.9659271069695916;-1.727257821680248;6.36543708600067;Dropout
9;13;0;6;12;2;120.70435178516966;5;18;10;5;4;110.9421598167069;17;16;9;9;8;0;34;14;10.24073102615652;10.537247056722236;-4.919966481305959;Graduate
4;8;2;5;4;2;192.3739481118638;2;18;6;11;14;193.504081259772;18;12;15;17;1;11;22;15;8.613971921611533;12.214394114671357;1.247947494374384;Enrolled
9;2;3;0;12;17;92.7108845099955;12;18;16;6;17;147.32637960555994;0;11;7;17;17;9;22;10;5.858667747859251;12.784512041697873;-0.8409531900437877;Graduate
11;7;1;14;5;10;166.63578866605167;6;12;8;17;3;199.6949925092045;3;3;8;13;11;13;34;11;11.211746888219459;1.0814917766270256;8.083757112058693;Enrolled
1;15;0;6;4;19;169.7859029809466;4;13;8;13;18;147.72984254012152;3;7;14;15;2;14;22;1;7.965520488540793;8.214707352494635;-2.2792283300038996;Graduate
12;1;5;16;8;4;182.00164351514394;17;17;9;7;19;149.8330053519295;1;4;2;6;6;3;22;3;12.540938492154993;0.5808477426052043;0.8019489352294613;Graduate
7;5;4;1;15;18;197.1883241702323;7;11;12;19;6;133.10273142261377;18;4;3;0;8;0;38;2;2.6212429357113205;10.255136416231569;1.6261710864679069;Dropout
1;11;2;8;1;18;197.31621110723177;16;3;14;13;7;124.10444606045557;11;12;12;16;7;7;44;8;6.7984635654763;-2.5894999554735287;-4.934135422722303;Graduate
19;4;0;8;0;14;97.18044333231103;19;9;4;4;16;117.67001084462393;9;10;11;4;5;2;29;17;12.412016851514235;10.255296222423224;-4.064668634943327;Dropout
0;1;4;12;7;15;180.40232550281928;0;16;2;8;12;127.77626777437413;12;7;8;0;0;13;30;18;-0.7037187179173081;3.794572753270696;1.2225225595504536;Graduate
4;15;4;5;18;8;161.09409270231194;13;3;7;7;10;140.58361889904754;19;7;13;16;13;16;37;6;4.714827132337085;12.110989808710563;-0.5528709361617556;Graduate
8;4;5;5;10;3;161.20763478104004;16;11;19;1;0;111.1191145253869;14;0;18;9;15;1;23;3;14.214836434573378;9.77861719972293;-2.661865227696889;Enrolled
16;14;3;19;11;14;104.11849192761643;9;12;9;15;1;114.73626009862654;2;12;6;11;15;14;29;5;4.4720360298936885;2.530392813929698;-1.916766872920841;Enrolled
8;11;5;19;11;11;161.52058830902186;11;3;12;12;16;119.8699245535283;19;4;15;19;3;5;31;18;0.0565889039108054;13.07078370720905;11.710739227601724;Enrolled
10;3;3;2;6;2;198.07308386613727;15;9;2;6;4;139.4185881123923;12;7;19;1;5;4;28;0;2.0215247748647647;0.6667427855062069;8.666391510254051;Graduate
14;14;3;16;12;13;190.30004264933916;13;2;7;15;5;161.80947034956674;7;16;4;15;14;13;37;15;12.701682387468932;14.339772628718464;4.682350620032995;Graduate
5;10;0;16;7;16;138.30437268853356;15;14;8;6;6;184.17607653149162;6;12;9;14;7;18;43;10;14.097660775351006;10.344067679113687;13.177495524738653;Dropout
2;15;0;11;8;18;94.39427706147038;7;1;11;13;14;121.58450209058576;7;8;17;12;0;8;17;3;14.002152853722784;14.813497025423786;-4.408944181167628;Dropout
16;5;2;15;6;5;129.85228390002254;9;16;10;13;18;110.21011743755811;17;1;10;17;12;7;44;17;8.978847839371424;-3.921907672030449;1.8986987188763909;Dropout
4;13;3;14;14;3;180.90293427606107;16;5;1;11;15;131.67322113356104;8;18;6;19;17;2;41;4;5.192037776492249;0.4807209175426159;11.467674350081175;Enrolled
11;17;4;12;1;6;167.16490116116825;17;7;17;0;12;188.38213840090413;5;19;13;13;17;17;19;5;-1.3462213018531632;9.825285130289465;7.565779891706427;Enrolled
17;11;1;0;19;18;140.5278021153352;19;2;8;0;4;91.08468011708534;3;16;19;17;12;7;34;1;-2.535579758590709;13.444994025007507;14.633748689839738;Dropout
13;10;2;16;11;16;96.06116886747142;15;17;1;11;2;164.56554776635198;14;6;17;1;13;15;42;11;-3.8046678471730755;-4.424583657610941;13.890298465764186;Graduate
10;12;0;2;0;15;136.9584200605633;16;0;1;19;2;142.48760510527396;4;2;10;1;10;14;38;8;-4.645701809820615;-4.999814080488305;-1.6011501785003257;Enrolled
8;10;5;14;7;14;141.59274336896718;15;15;2;14;18;107.71508364567481;4;18;11;2;6;14;24;19;12.562334442113642;0.12485258512495534;14.43973994391343;Enrolled
1;15;2;3;4;7;192.14110861835496;18;6;15;3;13;125.31236789019133;6;18;17;4;17;15;18;11;11.18172631606689;12.055573532631229;13.91069571948145;Dropout
11;14;2;3;14;18;160.51947139403754;7;2;18;6;15;114.74450482647373;8;8;1;15;3;0;20;12;6.3564276100094155;10.3430620428645;2.4722189014736484;Enrolled
2;14;2;17;0;7;124.28182083201138;5;3;3;15;16;186.56153846791346;6;9;0;14;16;9;34;16;14.97446509075428;1.8055492433771398;14.657605833779055;Dropout
2;3;2;16;0;17;147.78500908957935;5;8;17;2;3;143.00607223394894;8;13;9;11;18;18;44;4;14.061041444032824;-4.959774713091285;-4.283116953508785;Enrolled
0;10;1;18;9;15;97.2660838604376;8;4;19;6;12;151.9403705659742;19;17;0;8;13;4;44;19;8.102179414294127;6.094114819074543;8.215011098265963;Graduate
7;18;5;10;9;19;196.98250592147104;3;18;17;5;7;155.30563812707226;9;14;5;13;9;17;41;12;4.29149134080507;-0.24089057098098277;0.3229560852881752;Graduate
7;14;5;19;14;18;129.60658921237984;11;14;9;15;18;160.35788370625917;3;0;6;15;5;2;42;12;-1.956585677737408;9.912178569996872;-2.4107380680936075;Enrolled
10;3;5;2;16;9;142.56540904044493;11;7;10;7;4;144.5111259413523;5;5;16;10;17;3;29;9;5.311876105087048;3.92699328765252;6.550698498876933;Dropout
8;12;3;7;5;16;129.0812371660615;16;5;16;5;1;91.96608839199475;13;14;8;5;3;3;31;14;-1.8451265422894547;8.572038460953342;1.1270061637038875;Enrolled
4;18;4;13;2;12;165.07629031278202;14;17;19;9;14;126.8194955606117;8;5;6;9;10;10;18;14;2.9690260849237804;12.046176597765804;8.33650687622302;Dropout
13;1;5;0;12;12;162.84553741625524;8;18;15;15;1;110.22605647930904;0;17;16;7;12;8;26;17;13.852962168655019;5.715195990370066;5.799621042288406;Enrolled
2;13;2;13;15;6;168.68545415820492;6;14;19;10;10;164.81571272028447;16;0;2;15;7;0;18;17;1.8395797867127488;1.7191108145658474;2.851788018173189;Graduate
4;3;2;1;7;9;119.49575525731129;9;6;12;12;12;96.23751165070513;12;2;15;2;9;15;37;1;-1.9442545271306577;10.39087092030498;-1.3635567737020415;Graduate
4;15;5;3;14;1;124.72353292804726;15;9;1;5;9;152.01837302228085;6;16;4;1;10;8;28;10;6.647932084724292;0.30374479542355726;7.0250039494435335;Enrolled
18;19;5;18;16;3;103.77763542058287;11;5;1;0;2;113.1694894501731;8;15;19;15;2;10;21;12;7.047283482549442;12.830376322128682;11.584612589511035;Enrolled
13;13;2;5;16;5;162.1060969030724;6;13;13;18;4;194.37304223137673;10;7;17;18;14;5;28;10;-1.1239151506416833;-3.5714470653412844;7.000089370185625;Enrolled
3;14;3;0;12;17;94.37768400692178;17;16;3;11;2;126.9095036405189;2;16;0;8;7;16;39;3;-1.0682682483607953;11.709372822170895;7.210451115473715;Graduate
12;2;0;16;16;5;155.74505690758048;14;8;16;5;5;125.77433105120977;11;7;3;15;19;11;17;14;14.790995826496541;-3.1688854545809786;5.236747282955365;Graduate
9;7;0;7;5;16;185.66654733367972;5;18;12;17;12;191.5723134789796;2;16;10;3;17;7;44;10;-0.13437854275576022;-3.877260391803685;2.7648023465658333;Dropout
17;15;5;18;16;13;187.9915363118597;11;4;3;12;9;135.90827123345554;14;8;19;9;0;15;18;17;11.763840695671682;2.265138746963218;4.149160832670924;Enrolled
7;9;1;0;15;10;139.39415364069578;10;6;2;6;18;195.91485676043163;9;11;8;18;7;4;43;15;4.406476510919591;14.13098708949656;14.79083514240164;Enrolled
7;3;5;4;13;18;140.52340570343813;19;18;11;12;7;92.65873873468539;0;18;7;12;2;0;32;9;3.6997847782545605;14.669721083832044;9.993370042105802;Graduate
6;17;5;15;12;1;98.4666101308819;2;19;7;7;17;123.69790327223609;13;3;7;17;0;16;43;11;0.8992483232750477;-0.9585899806768143;3.6111892795998894;Enrolled
7;1;0;5;5;2;163.78415279873394;1;6;1;16;2;163.28122562930741;19;10;4;14;19;7;38;12;10.476515937846616;-2.027248886758677;4.145927999090409;Dropout
13;16;2;7;2;10;180.338536241013;5;1;5;8;16;187.99426609804024;5;3;11;3;15;9;18;8;12.613217568831097;2.0590666310955523;4.992640154994845;Enrolled
18;12;5;12;13;5;116.91205600651844;4;15;9;19;7;118.20461523091123;1;13;0;8;8;17;32;12;0.2225492311816062;1.7417368176214758;8.186283887576257;Graduate
5;3;2;15;13;13;136.34309697967012;17;12;11;12;9;192.35253511600348;7;13;14;3;16;14;36;5;-3.0980666130177203;10.191857654759492;4.319164684310294;Enrolled
0;10;2;2;14;18;182.27232704417975;15;7;9;1;1;155.3533613149107;0;5;17;15;15;19;42;5;-2.2616089422878027;3.879980414934522;8.723582368784868;Graduate
14;6;1;18;7;15;186.48325144285167;7;5;9;3;11;178.11090675177076;3;16;5;14;5;12;32;10;10.856070695324881;10.597671714690266;1.5837561329569567;Dropout
0;11;2;11;14;6;116.74979782906485;19;5;2;1;5;133.6928034737587;3;1;9;1;6;9;22;18;3.7165382263925153;9.974261940500917;3.21279264042248;Dropout
16;9;0;15;12;7;150.56276979955007;10;8;19;3;1;113.33984208235606;4;7;13;13;15;8;29;10;-2.3617068317855416;6.566208602518467;12.281062494076945;Enrolled
0;6;3;10;16;18;111.17424656994098;9;3;9;17;2;190.23589569924624;19;3;7;2;7;12;28;9;1.8057641283924912;11.670241994833102;1.5781130940308525;Enrolled
14;12;3;9;2;19;101.20666405535123;11;10;8;4;16;192.64494552468403;8;9;2;3;9;2;39;14;5.284709657061059;-1.0870450689458577;14.288734663500033;Graduate
1;6;4;19;5;15;190.22325515311533;5;4;19;18;6;144.73326585695492;12;6;18;0;13;2;26;12;12.041033676900163;-1.7637900867897338;-1.5499010603021413;Dropout
13;16;5;3;4;6;180.255825465532;19;16;18;9;4;90.71445175991822;17;3;11;8;10;0;21;7;7.8348650845035;10.013005170053365;-0.16640368585654652;Dropout
7;9;0;11;16;8;173.60383919834914;4;19;13;17;0;102.0761249037445;16;15;11;16;1;1;24;4;-1.479343978399985;-0.10405875689408983;4.273595015098158;Dropout
7;9;2;1;1;12;95.36429506944545;8;6;1;9;7;153.0330756254894;0;13;14;13;11;10;22;1;-1.8259457528332712;-4.944112323592307;10.948174521107392;Dropout
18;3;3;18;14;0;182.81016719812834;15;14;4;4;11;92.61543725320749;14;15;6;16;19;13;21;15;3.2466843126664493;13.239203372890763;9.631509552566673;Enrolled
6;19;0;4;4;7;138.18484834959222;13;14;19;16;13;133.66031163853648;1;8;3;0;19;9;36;12;-3.4961430459648724;7.458741160661258;-1.5106796477122053;Enrolled
18;3;3;7;19;3;127.66346356254456;7;13;7;12;15;123.37069401292138;15;3;8;9;12;6;38;18;10.111543905677461;3.898753960158814;-0.26629948064326214;Graduate
5;6;2;6;5;2;150.11239971279142;19;12;6;16;9;168.5783102942425;19;5;15;15;14;0;22;8;3.0290764060754416;9.514730200180757;6.5052597810167505;Dropout
5;0;3;13;5;2;100.04885669959114;18;10;5;8;14;96.11365402427288;4;0;12;18;11;6;38;14;1.8604754556278058;1.666634662305717;0.9032949059740591;Enrolled
2;11;5;2;17;12;173.23112042876386;13;12;10;11;14;143.76043958750162;18;6;3;2;12;14;33;5;5.182166647828716;14.073321141908355;3.4465064895920694;Enrolled
6;12;5;17;17;7;154.06785845771253;6;8;11;13;9;153.7025696863166;4;0;8;11;7;10;22;7;9.179136075256956;-3.627594221051782;4.731883509740577;Dropout
18;9;4;15;3;6;110.52491065604843;4;9;17;13;6;157.90201836578794;1;18;17;2;15;5;33;13;6.386938889861042;7.818963813247219;6.884920107008092;Enrolled
7;14;4;18;16;0;110.70554197459501;17;3;18;7;2;134.56734392186348;6;7;14;14;2;6;21;4;11.048055634439741;10.54578965722547;0.02102648878530733;Graduate
9;12;3;18;13;15;110.26735167299417;1;16;9;4;1;123.4804561772506;2;2;14;16;12;6;39;16;7.587251277402348;4.382518157870187;-1.7371971289008092;Graduate
19;8;0;17;13;5;96.27026263071274;10;13;13;18;5;165.07423371108638;16;0;5;17;11;0;33;6;10.759405348165277;10.099367101320718;2.971267755880529;Dropout
14;8;5;19;12;6;154.65782943088533;7;17;2;13;8;183.23259529127444;2;0;10;6;18;9;33;8;8.935645471293498;13.538207957571387;-3.3594755028879986;Graduate
14;14;0;15;6;11;182.4382995347359;0;10;17;8;9;166.29794015611668;12;6;7;18;1;14;29;15;-1.13754319472527;9.87987801358569;5.535303421818245;Enrolled
0;9;0;7;11;8;91.92480353861275;11;15;14;6;3;192.53126020029435;6;12;16;6;0;7;38;17;-3.9529109962840248;1.187337342726222;11.792103184699485;Graduate
19;9;3;0;14;10;95.3905109468401;1;0;5;7;2;168.89898778937197;2;0;16;4;7;18;23;12;13.06793601006763;6.23692749438405;-2.620486811345628;Enrolled
6;7;0;16;18;9;153.00473043556403;17;6;9;13;8;174.10806074149804;14;15;17;7;8;2;38;17;13.913123307641683;13.232070357192466;-2.74538935740942;Dropout
3;15;5;11;10;0;180.14452539246577;6;9;11;13;16;108.46935162622978;17;13;3;15;7;14;37;9;9.538645932629443;3.9819545096498548;-3.395644022652957;Dropout
5;16;2;10;14;17;125.94127796254969;16;8;6;10;13;136.1493608979383;9;3;14;15;16;3;22;0;9.48411645391898;8.633969898314298;11.957225795238038;Enrolled
0;4;4;4;11;3;128.45758386884944;13;2;16;13;9;143.35608640515616;6;11;1;18;8;5;30;17;0.4029416098821903;4.310294502577449;-3.3859021014367396;Enrolled
4;3;2;11;2;4;155.59811472464537;6;13;0;7;12;118.19224785240684;8;11;1;14;5;9;32;18;5.8488341776366575;-2.573116861192757;14.669240707688054;Graduate
0;17;0;16;16;8;120.16341780365617;2;14;17;2;11;148.13938463919166;4;16;9;6;14;17;19;1;14.844793274092165;-3.828047282474496;2.166625880922359;Enrolled
3;18;2;5;2;16;92.92692026854526;5;1;14;17;0;121.98711386440323;19;14;2;4;12;15;25;3;12.122871961400389;14.045479192573744;1.5752431828495368;Dropout
1;3;5;0;18;2;170.87513699117557;19;13;18;2;18;165.62523020848576;7;9;7;10;11;17;31;10;1.0878870510399334;7.250835468421911;-3.1673649580590157;Enrolled
9;6;5;4;19;15;158.82149042355985;1;15;0;12;18;141.73173243734934;13;2;19;9;12;5;37;2;1.020917313957808;-2.9237017375501684;6.712824252768337;Graduate
4;9;0;13;3;4;153.8831598961225;16;6;4;11;5;140.4687649695939;3;19;6;8;6;18;34;8;4.671545822961182;12.14877116939676;6.7176442470558335;Graduate
9;17;3;4;2;15;171.58525418910054;11;3;14;14;12;198.2006784136093;19;19;11;0;17;16;44;9;3.09197332335569;5.453862730216265;4.876116545802855;Enrolled
0;18;2;0;15;2;164.2753921318241;11;17;2;17;18;133.16893333968275;13;11;18;19;13;17;26;1;2.423060925603493;10.438642244797464;1.2204029443176756;Graduate
5;3;3;17;11;19;112.64701869961533;16;4;0;4;12;129.85249758485253;11;0;14;0;10;12;26;6;7.539438176122067;-2.4648760874916986;2.3716178013084255;Graduate
12;9;3;15;7;14;128.77291516376863;9;5;7;6;3;125.04648084109198;1;0;13;7;13;6;39;14;-4.770150607329249;13.13820863659172;1.4100678734747607;Dropout
14;0;1;8;16;2;103.87211558464875;2;6;11;10;1;188.4224143073378;12;9;15;2;16;19;19;18;10.266792720665537;6.8107087936405115;3.522928165610038;Enrolled
3;17;0;18;6;19;104.28427147596692;19;14;18;10;14;144.6396208707996;0;17;13;1;1;11;17;9;9.801059933515699;9.765213614980821;1.8357621096245191;Dropout
12;4;4;4;10;13;164.38153209921933;17;0;11;14;11;156.0015925228699;19;14;2;3;18;1;19;19;11.606513611894023;-4.37240623966294;8.510346397305;Dropout
19;14;5;1;17;15;184.4460117680748;12;3;12;9;6;109.89003269026345;6;1;17;18;15;11;41;13;11.829013466136267;1.306098003980063;0.9157294469453952;Graduate
14;16;5;14;0;16;195.9005842247253;11;0;0;14;19;149.50365960054197;8;16;5;10;9;11;21;3;6.327993895209369;0.3489082879082339;2.0167646298890833;Dropout
7;2;0;6;2;19;159.11818293043888;16;10;18;12;17;120.21130121553371;16;7;16;4;7;3;23;10;10.601478712465813;13.991899905757418;3.7091976957829615;Enrolled
4;11;4;3;3;17;110.25114556970527;3;17;5;13;12;170.3700613389165;12;8;13;9;4;3;19;2;4.847902509610385;-1.2932286223932787;-4.920763314581995;Enrolled
14;1;5;0;12;17;101.62153799938238;9;13;7;16;16;181.57811836716203;9;19;13;7;6;17;20;16;14.03059672836601;9.14103453428185;4.84165148441784;Enrolled
3;0;0;12;5;13;179.41360686904335;10;10;3;12;3;168.6291761344405;15;10;19;12;12;15;33;6;-1.1860294042513053;-4.14492924501414;0.1163960638586925;Dropout
11;16;5;19;13;17;153.66321239959993;5;9;4;9;13;170.3268582897283;5;5;12;4;15;13;19;10;13.312341841477988;-1.0463182861152287;-3.876990919509642;Enrolled
12;15;3;6;4;14;158.0113523115092;5;16;6;0;19;146.37221745314687;15;13;2;11;4;16;39;17;0.1706072253544626;1.7719470850870556;13.220425975295896;Enrolled
1;4;2;14;15;14;175.960829763018;8;3;3;0;12;168.33298619675486;10;0;12;12;15;16;20;13;-2.9455325262629595;10.890116957494833;1.4483746777386397;Dropout
18;14;2;13;14;5;167.36049505056968;14;14;19;14;2;136.49556290589763;19;6;1;7;14;2;18;13;3.7820889481393483;10.799531601236009;3.521705273454085;Dropout
18;2;5;18;14;14;181.79040781417063;1;15;3;15;17;161.66380688825743;2;8;8;14;8;5;30;5;7.298344848321188;14.052037234863239;11.546863166764837;Dropout
3;6;1;19;3;17;96.18352960058664;3;12;14;11;13;118.49431311325661;8;10;12;12;11;12;21;8;-0.3802025360009553;13.335350053337695;-1.6642205849256042;Dropout
3;10;4;17;7;3;172.22727004211555;4;8;4;5;14;97.67327135432112;14;15;7;0;7;8;37;2;6.115924822885956;-3.369708099099673;12.006176191626821;Graduate
10;9;4;9;15;7;183.5938033054305;16;10;8;5;2;135.48205905341655;12;18;15;5;12;8;18;16;11.157867138690094;11.597354442893916;-0.16724103845244542;Dropout
4;8;4;8;15;14;121.47485467041457;7;10;1;11;0;140.79559713585388;9;1;2;10;4;7;31;11;0.14169931607445463;4.023471590800336;6.780757832306342;Dropout
19;13;3;7;3;2;160.4492001392578;7;5;6;14;16;118.20478740075589;19;14;12;12;13;16;27;3;6.60644491828406;12.31772181459467;8.713567603323567;Enrolled
10;12;4;9;12;14;124.55782702206693;11;0;16;3;2;170.04804702479612;12;2;3;19;15;15;38;19;1.786251923861606;-3.2142749693773887;13.100278917355507;Enrolled
9;1;2;16;12;12;195.37681731306992;7;5;15;3;13;98.09055268739071;16;3;17;0;10;15;26;15;5.595369350609605;11.455382030146712;7.152759893682639;Dropout
7;2;3;1;1;8;93.6765929679054;18;12;16;1;2;114.50231568171074;6;19;1;10;19;18;36;9;8.338380391499388;-1.8071496199845138;4.064636025000006;Dropout
5;6;0;5;2;1;153.77721282162506;2;4;19;11;12;172.34211902989895;5;6;19;10;11;15;17;6;2.008451436321847;1.6768326013868435;6.445387046835549;Dropout
5;17;4;4;7;7;108.31539017544665;17;14;1;6;14;138.08367011140137;12;11;14;7;14;13;35;9;14.889657649042679;-4.423031994199567;-0.9583507451959221;Enrolled
7;2;4;8;14;19;168.34422256948744;18;17;10;19;17;167.5811986443244;16;3;16;2;11;19;30;6;6.275503968592817;-2.525438236257229;8.781486682997013;Enrolled
14;9;0;4;10;16;109.34793117605282;18;19;1;8;13;152.4234465561956;14;9;9;18;8;13;41;17;11.489231181858774;3.9145177082476543;-1.2623857589888954;Dropout
13;6;4;17;8;12;115.89215880881933;14;13;0;8;2;194.57840249970985;3;5;0;11;0;13;42;8;9.502704458215822;11.366766712689408;6.144952241565138;Enrolled
10;8;0;19;6;0;144.3807892150334;5;14;1;7;18;155.75754159951163;14;13;5;5;2;13;39;17;12.056106274058955;10.473395427300996;7.95207322720978;Enrolled
11;16;3;8;12;1;190.6318444996566;15;4;8;13;7;91.63558717800717;13;2;2;7;11;11;38;16;-1.5239809092286416;-0.2940447644737354;12.971663608155094;Dropout
12;10;2;16;1;14;113.28858093627679;7;3;1;0;3;128.81650855547673;10;16;18;4;19;5;30;10;-0.5489258054465811;-1.9661910186143805;4.003796519552289;Enrolled
7;6;0;16;7;11;105.86640232299139;15;1;14;11;3;105.73667504251785;3;10;6;9;12;19;17;0;4.7482235578058045;2.7852692596354007;10.506664531784251;Dropout
17;13;1;11;6;13;173.48745150394336;17;6;9;1;18;191.70970453574733;2;9;12;15;5;12;41;16;12.046573529708844;12.665366944257695;-1.6493902339144695;Graduate
0;18;0;6;11;1;145.0681485567324;19;9;14;12;10;101.44136997135884;1;9;12;11;9;15;25;3;-1.0478683721828252;-3.1714985167399368;-1.8760704253234994;Graduate
14;3;4;2;18;17;190.29636236199485;15;15;9;3;0;132.64773294441963;19;9;16;16;9;8;33;3;14.421316642145968;5.858280206887006;5.495960274398604;Graduate
7;5;3;9;6;6;106.12760128758265;10;9;16;19;7;114.87091129893614;9;2;0;5;15;1;30;13;-2.447953833697172;-3.223850411939162;6.92681530220206;Enrolled
10;9;5;1;9;5;161.05206823253434;6;17;8;17;14;183.13941894364066;12;14;13;8;0;2;29;8;-1.4984410963898398;4.404242423284778;7.646820814658163;Graduate
11;6;3;2;15;13;115.61670607669966;16;16;17;18;0;123.94231473478087;19;16;2;9;15;9;29;12;-1.6553243326784917;-2.4641697567803544;9.913480840475566;Enrolled
11;12;5;15;2;7;107.24364715168032;16;12;3;15;6;199.10828314569096;17;17;13;19;3;19;22;15;6.72011906069239;-3.3932613000127043;0.8986297552241984;Dropout
3;13;0;1;9;1;165.17723566729975;11;0;8;13;19;94.2478266173476;15;18;0;13;5;1;23;0;13.350821631932718;-1.1830133387283048;7.45215443704911;Graduate
15;3;2;9;5;16;155.30530818996067;12;0;15;7;19;104.11044497088224;10;18;15;13;18;9;18;2;0.10222774332876661;0.10512038737532414;-1.2372175838735466;Enrolled
3;7;1;5;17;4;173.03102041985642;9;14;3;11;10;114.710265407202;9;11;9;16;1;7;42;18;6.060737069171228;0.5253075826284963;-0.6200458189087543;Graduate
4;4;3;10;17;13;124.04088340908007;6;0;15;8;13;179.22166442201754;8;4;12;15;17;16;24;7;-1.484549799050785;7.905358944946656;-3.6538222325223746;Enrolled
4;0;4;6;4;19;139.2768822020409;13;5;18;5;15;186.63689299704174;11;15;3;3;9;0;40;17;7.62273792415597;-3.900362487542375;9.940011722774607;Enrolled
7;3;5;14;6;2;134.60188439634604;0;12;0;17;13;97.85965186703646;18;14;8;1;3;5;22;5;-2.535073276409765;-3.3838188018927173;5.139859407711679;Dropout
9;2;4;5;1;4;198.24984103631658;16;0;5;1;11;93.5706155938504;0;14;13;15;0;6;41;19;4.826215350253957;-1.2258767704146578;-0.23628588800876038;Enrolled
16;8;2;19;10;15;122.14738524133267;3;4;9;7;16;171.90125428150372;17;5;3;0;14;14;19;5;8.103636273537349;12.44126138362844;6.124754514005808;Enrolled
8;7;5;8;12;17;122.42989621814436;4;8;15;13;13;104.66872074289748;13;11;9;2;9;17;34;4;6.582558335110205;7.572098521264657;2.0848039726757506;Graduate
18;0;3;19;4;16;129.00030297114682;19;16;3;5;9;104.62984457821031;0;1;7;10;17;8;34;11;-2.19999034598515;9.607393183759111;11.744198205785366;Dropout
13;5;0;11;5;10;152.10534894193538;6;15;12;9;13;92.46031879438722;16;19;2;15;15;7;38;8;-1.7725325697034133;2.407243111153184;5.56295761590728;Enrolled
7;8;4;18;13;16;117.75550186901198;9;7;15;7;17;95.4788665341764;10;8;6;17;12;9;39;8;8.427820096499765;-0.7355930185999826;-4.403785542923478;Graduate
8;6;2;19;11;15;190.68189344172015;16;16;19;16;8;119.0043004455038;19;3;9;14;14;3;22;16;11.178185921795524;-4.240772780741744;14.70190572679478;Dropout
10;3;3;2;3;1;119.22541213528899;6;14;5;11;16;97.15060383518869;14;4;2;8;1;19;27;18;13.161488050591817;4.770712399437844;-3.514029235281315;Enrolled
0;12;3;14;5;3;188.5397304716214;0;0;10;16;5;130.57670008252032;3;7;1;11;19;7;19;16;11.272230306922339;6.485619284546258;8.919163778001396;Graduate
13;16;3;1;9;6;101.38225700112432;6;11;2;12;7;181.6052534350084;14;9;14;17;3;0;32;15;14.478477577743895;12.940055887554237;3.7451167840522075;Dropout
4;1;3;1;17;1;162.22189726396175;10;4;19;18;12;125.89522830537518;13;6;8;4;0;7;21;11;3.1650360833027076;12.641859574979879;-0.01364386959807451;Dropout
13;4;5;2;14;5;189.7684070282068;8;5;9;11;17;170.06175788373088;0;13;14;7;6;11;40;2;1.6233150844406863;3.4937031694450997;8.52916468925806;Dropout
3;11;3;5;7;16;108.56243822380524;11;0;0;15;4;100.33009613141331;8;4;16;2;10;14;38;13;-4.436318953097662;3.4715585800692423;-2.48205292590026;Dropout
0;7;4;14;8;6;196.51596561091804;2;0;19;4;5;162.5312706161442;6;15;6;1;9;12;18;16;3.997917119761869;-1.7775420656833263;12.164933969129834;Enrolled
18;5;2;9;4;4;139.8171696457063;3;9;10;15;18;124.84219015831785;10;14;19;18;0;15;31;15;8.027431048264651;0.1489797568518174;0.012239718262643251;Enrolled
7;7;5;8;9;4;194.0286619285127;3;9;11;5;3;172.47281665667418;1;4;17;7;10;17;32;11;11.30817282644951;13.513271526417828;2.2290731676793456;Dropout
14;17;3;0;19;19;164.45020479930517;12;2;13;10;6;104.98772154620201;1;2;14;1;9;0;23;1;0.34910765548740663;-2.1792797812959575;7.652872726083926;Dropout
14;2;1;15;5;15;123.17455568609067;18;16;7;16;3;188.767171554093;5;9;17;18;13;16;32;7;5.2718255273858095;14.373990934873031;-4.9794136886926665;Enrolled
8;11;1;5;15;18;110.71327774088171;9;18;10;13;10;116.68349231877303;18;4;11;0;13;15;40;11;8.240191292280931;5.094771004303929;4.454972287777341;Graduate
8;2;2;8;2;8;123.41085508476093;4;10;3;5;11;128.8451572609294;19;14;7;12;6;4;20;15;6.032057319681879;4.132135495336621;12.884978430033428;Dropout
9;5;0;3;9;4;100.23191501889426;6;17;6;10;13;194.51987818998458;13;17;1;19;10;19;44;7;0.4804143480481553;-1.5072323862729098;8.608312825472726;Enrolled
19;1;0;1;10;7;105.82547629776627;15;1;9;11;12;153.6330595703945;2;7;1;16;3;9;32;15;10.925648765901245;8.230825009649616;2.758007298772691;Enrolled
8;11;5;3;10;8;101.51264843811293;0;8;18;12;9;130.23486708593242;6;1;4;2;1;5;33;9;-1.532779750561326;4.196910367244957;8.208488562887041;Graduate
2;1;5;0;16;4;136.52378981157136;11;16;3;3;17;194.4562361736995;6;7;0;8;6;11;18;19;13.09959667572728;2.4132613582644247;13.731388498066792;Enrolled
19;5;5;18;3;9;177.5136213883345;1;13;1;6;15;126.19851585790352;3;7;3;4;18;9;32;14;14.051934981096224;0.29032437170583947;-1.2438936632803332;Dropout
10;16;0;9;3;1;105.55219096379741;6;3;17;1;4;100.43577839426978;4;3;5;5;13;16;20;3;2.3114652415052417;-3.6702639397025605;5.6361601767733465;Enrolled
5;2;1;14;16;8;104.33524764895695;10;16;13;5;7;199.65337766453618;16;18;12;3;18;1;23;14;2.5236358097190354;5.386562331021915;-0.3052483757380937;Dropout
1;1;0;18;8;10;160.7771844469064;12;16;15;5;13;119.46294126148052;3;17;18;16;6;18;34;3;9.865565178343882;1.2581666611727353;12.084492783414088;Enrolled
